,id,n_tokens,n_axes,show_shadow,n_bananas,n_scorpions,response_time_sender,response_time_interpreter,signal,world,opened
215,5392,1,2,0,1,2,4646,4421,"0, 1, 0","0, 1, 0","0, 1, 0"
792,5393,1,2,1,1,2,3180,8923,"0, 1, 0","0, 1, 0","0, 1, 0"
67,5394,2,1,0,1,2,9143,5162,"0, 1, 0","0, 1, 0","0, 1, 0"
897,5395,2,2,0,1,2,2601,9960,"0, 0, 1","0, 0, 1","0, 0, 1"
798,5396,2,2,0,2,1,6003,7253,"0, 1, 1","0, 1, 1","0, 1, 1"
732,5397,1,1,1,2,1,6381,2816,"0, 0, 1","0, 1, 1","0, 0, 1"
791,5398,1,1,0,2,1,3017,4265,"0, 0, 1","0, 1, 1","0, 0, 1"
794,5399,2,2,1,2,1,12321,3760,"0, 1, 1","0, 1, 1","0, 1, 1"
761,5400,1,1,1,1,2,4251,4054,"0, 0, 1","0, 0, 1","0, 0, 1"
795,5401,1,2,0,2,1,11532,7918,"1, 0, 0","1, 1, 0","0, 1, 1"
932,5402,2,1,1,1,2,3467,3869,"1, 0, 0","1, 0, 0","1, 0, 0"
797,5403,1,2,1,2,1,2987,11855,"1, 0, 0","1, 1, 0","1, 1, 0"
615,5404,2,2,1,1,2,3196,4032,"0, 1, 0","0, 1, 0","0, 1, 0"
796,5405,1,1,0,1,2,5566,3685,"1, 0, 0","1, 0, 0","1, 0, 0"
793,5406,2,1,0,2,1,4697,3229,"1, 1, 0","1, 1, 0","1, 0, 0"
118,5407,2,1,1,2,1,6270,6000,"1, 0, 1","1, 0, 1","1, 0, 0"
129,5408,1,2,1,1,2,3264,7345,"0, 0, 1","0, 0, 1","0, 0, 1"
130,5409,2,2,0,1,2,7010,3972,"0, 1, 0","0, 1, 0","0, 1, 0"
159,5410,1,1,1,2,1,4371,5612,"0, 0, 1","1, 0, 1","0, 0, 1"
95,5411,2,2,1,2,1,4173,14938,"0, 1, 1","0, 1, 1","0, 1, 1"
153,5412,1,2,0,2,1,2887,4193,"0, 0, 1","0, 1, 1","0, 0, 1"
158,5413,1,2,1,2,1,3108,5056,"1, 0, 0","1, 0, 1","0, 1, 0"
154,5414,1,1,0,1,2,3207,4131,"0, 0, 1","0, 0, 1","0, 0, 1"
655,5415,2,1,1,2,1,4668,37513,"0, 1, 1","0, 1, 1","0, 1, 0"
160,5416,1,2,0,1,2,4022,3231,"1, 0, 0","1, 0, 0","1, 0, 0"
152,5417,2,1,0,1,2,2569,2999,"0, 0, 1","0, 0, 1","0, 0, 1"
157,5418,2,2,0,2,1,6671,9204,"0, 1, 1","0, 1, 1","0, 1, 1"
634,5419,1,1,0,2,1,2863,1646,"1, 0, 0","1, 1, 0","1, 0, 0"
146,5420,1,1,1,1,2,3049,2587,"0, 1, 0","0, 1, 0","0, 1, 0"
943,5421,2,1,1,1,2,5791,2726,"1, 0, 0","1, 0, 0","1, 0, 0"
776,5422,2,2,1,1,2,3542,4642,"1, 0, 0","1, 0, 0","1, 0, 0"
155,5423,2,1,0,2,1,13092,6276,"0, 1, 1","0, 1, 1","0, 0, 1"
164,5424,2,2,0,2,1,6030,1749,"1, 1, 0","1, 1, 0","0, 0, 0"
813,5425,1,2,0,2,1,11916,6028,"0, 0, 1","1, 0, 1","0, 0, 1"
639,5426,2,1,0,2,1,9743,7830,"1, 0, 1","1, 0, 1","1, 0, 0"
809,5427,2,1,0,1,2,7943,4102,"1, 0, 0","1, 0, 0","1, 0, 0"
954,5428,2,2,1,2,1,8642,5514,"1, 1, 0","1, 1, 0","0, 0, 1"
669,5429,2,2,1,1,2,12724,3900,"1, 0, 0","1, 0, 0","1, 0, 0"
156,5430,1,2,0,1,2,2958,2130,"1, 0, 0","1, 0, 0","1, 0, 0"
167,5431,1,1,1,2,1,8609,3583,"0, 0, 1","0, 1, 1","1, 0, 0"
162,5432,2,1,1,1,2,5591,3932,"0, 1, 0","0, 1, 0","0, 1, 0"
912,5433,2,1,1,2,1,4442,7045,"0, 1, 1","0, 1, 1","0, 1, 0"
161,5434,2,2,0,1,2,4150,2357,"1, 0, 0","1, 0, 0","1, 0, 0"
166,5435,1,1,1,1,2,3675,3810,"0, 1, 0","0, 1, 0","0, 1, 0"
163,5436,1,1,0,1,2,13256,2654,"0, 1, 0","0, 1, 0","0, 1, 0"
758,5437,1,2,1,1,2,3031,4591,"1, 0, 0","1, 0, 0","1, 0, 0"
193,5438,1,1,0,2,1,4846,4416,"1, 0, 0","1, 1, 0","1, 0, 0"
189,5439,1,2,1,2,1,26062,2126,"0, 1, 0","1, 0, 1","0, 1, 0"
828,5440,2,2,1,2,1,7419,5665,"0, 1, 1","0, 1, 1","0, 1, 1"
194,5441,2,1,1,2,1,8693,2732,"1, 0, 1","1, 0, 1","1, 0, 0"
200,5442,1,1,0,2,1,6404,2972,"1, 0, 0","1, 0, 1","1, 0, 0"
198,5443,2,1,0,2,1,8670,6545,"1, 0, 1","1, 0, 1","1, 0, 0"
233,5444,1,1,1,2,1,14577,2192,"0, 0, 1","0, 1, 1","0, 0, 1"
165,5445,1,1,0,1,2,7343,3628,"0, 0, 1","0, 0, 1","0, 0, 1"
168,5446,2,2,0,2,1,4810,6694,"1, 0, 1","1, 0, 1","1, 0, 1"
56,5447,2,2,1,1,2,6306,2495,"1, 0, 0","1, 0, 0","1, 0, 0"
170,5448,2,2,0,1,2,6333,3316,"1, 0, 0","1, 0, 0","1, 0, 0"
169,5449,1,2,1,2,1,7536,23695,"1, 0, 0","1, 1, 0","1, 0, 0"
1022,5450,2,1,0,1,2,4475,5061,"0, 1, 0","0, 1, 0","0, 1, 0"
1009,5451,2,1,1,1,2,6457,3454,"1, 0, 0","1, 0, 0","1, 0, 0"
172,5452,1,2,1,1,2,4323,4290,"0, 1, 0","0, 1, 0","0, 1, 0"
173,5453,1,2,0,2,1,6974,5249,"0, 1, 0","1, 0, 1","1, 0, 1"
171,5454,1,2,0,1,2,8561,4244,"0, 1, 0","0, 1, 0","0, 1, 0"
999,5455,1,1,1,1,2,11327,2207,"0, 1, 0","0, 1, 0","0, 1, 0"
330,5456,2,2,0,1,2,36595,4323,"1, 0, 0","1, 0, 0","1, 0, 0"
149,5457,2,2,1,2,1,10471,9260,"1, 0, 1","1, 0, 1","1, 0, 1"
735,5458,1,2,1,2,1,4377,6049,"0, 1, 0","1, 0, 1","0, 1, 0"
148,5459,2,1,1,2,1,4396,8636,"0, 1, 1","0, 1, 1","0, 1, 0"
915,5460,2,1,0,1,2,5742,5418,"0, 1, 0","0, 1, 0","0, 1, 0"
63,5461,1,1,0,2,1,16389,2581,"0, 1, 0","0, 1, 1","0, 1, 0"
150,5462,2,1,1,1,2,15650,7478,"0, 1, 0","0, 1, 0","0, 1, 0"
889,5463,2,1,0,2,1,5471,15886,"0, 1, 1","0, 1, 1","0, 0, 1"
891,5464,1,2,1,1,2,3977,2996,"0, 0, 1","0, 0, 1","0, 0, 1"
151,5465,1,1,1,2,1,2258,9588,"0, 1, 0","1, 0, 1","0, 1, 0"
147,5466,1,2,0,2,1,42715,5614,"0, 0, 1","1, 0, 1","0, 0, 1"
179,5467,1,1,0,1,2,4469,5732,"0, 1, 0","0, 1, 0","0, 1, 0"
618,5468,1,2,0,1,2,5999,4075,"0, 0, 1","0, 0, 1","0, 0, 1"
178,5469,2,2,0,2,1,5132,6687,"0, 1, 1","0, 1, 1","0, 1, 1"
879,5470,1,1,1,1,2,3401,7438,"0, 1, 0","0, 1, 0","0, 1, 0"
596,5471,2,2,1,1,2,2872,4192,"0, 0, 1","0, 0, 1","0, 0, 1"
919,5472,2,2,1,2,1,4380,7108,"0, 1, 1","0, 1, 1","0, 1, 1"
183,5473,2,1,1,2,1,13710,3252,"1, 0, 1","1, 0, 1","1, 0, 0"
185,5474,1,1,0,2,1,6119,3860,"1, 0, 0","1, 0, 1","1, 0, 0"
799,5475,2,1,0,2,1,4443,13505,"0, 1, 1","0, 1, 1","0, 0, 1"
184,5476,1,1,1,2,1,26297,5044,"1, 0, 0","0, 1, 1","0, 0, 1"
926,5477,1,1,0,1,2,4400,2702,"0, 0, 1","0, 0, 1","0, 0, 1"
801,5478,2,2,0,2,1,3702,5076,"1, 0, 1","1, 0, 1","1, 0, 1"
790,5479,2,2,1,1,2,4297,2509,"1, 0, 0","1, 0, 0","1, 0, 0"
804,5480,2,2,0,1,2,3244,5772,"0, 1, 0","0, 1, 0","0, 1, 0"
800,5481,1,2,1,2,1,4372,2251,"0, 0, 1","1, 1, 0","0, 0, 1"
633,5482,2,1,0,1,2,4593,3351,"0, 1, 0","0, 1, 0","0, 1, 0"
187,5483,2,1,1,1,2,2364,4613,"0, 0, 1","0, 0, 1","0, 0, 1"
177,5484,1,2,1,1,2,2143,2879,"0, 0, 1","0, 0, 1","0, 0, 1"
186,5485,1,2,0,2,1,5345,2516,"1, 0, 0","1, 0, 1","1, 0, 0"
190,5486,1,2,0,1,2,4054,2974,"0, 1, 0","0, 1, 0","0, 1, 0"
677,5487,1,1,1,1,2,15141,6012,"1, 0, 0","1, 0, 0","1, 0, 0"
192,5488,1,1,1,2,1,7023,6863,"1, 0, 0","0, 1, 1","0, 0, 1"
191,5489,1,2,1,2,1,4290,6528,"0, 0, 1","1, 1, 0","1, 1, 0"
818,5490,1,2,0,1,2,4296,5414,"0, 1, 0","0, 1, 0","1, 0, 1"
699,5491,1,1,0,2,1,2987,4168,"1, 0, 0","1, 0, 1","1, 0, 0"
805,5492,2,2,1,1,2,3680,3377,"0, 0, 1","0, 0, 1","0, 0, 1"
811,5493,1,2,1,1,2,3295,2469,"1, 0, 0","1, 0, 0","1, 0, 0"
817,5494,2,2,1,2,1,24436,7415,"1, 1, 0","1, 1, 0","1, 1, 0"
825,5495,1,1,0,1,2,2541,1828,"0, 1, 0","0, 1, 0","0, 1, 0"
812,5496,2,1,0,1,2,3798,3785,"1, 0, 0","1, 0, 0","1, 0, 0"
227,5497,1,1,1,1,2,2207,1991,"0, 1, 0","0, 1, 0","0, 1, 0"
991,5498,2,1,0,2,1,9778,4530,"1, 1, 0","1, 1, 0","1, 0, 0"
911,5499,2,2,0,1,2,3997,1991,"1, 0, 0","1, 0, 0","1, 0, 0"
226,5500,1,2,0,2,1,3401,3434,"1, 0, 0","1, 1, 0","1, 0, 0"
228,5501,2,1,1,2,1,5098,3863,"1, 1, 0","1, 1, 0","1, 0, 0"
819,5502,2,2,0,2,1,5947,5434,"0, 1, 1","0, 1, 1","0, 1, 1"
231,5503,2,1,1,1,2,2485,3071,"0, 0, 1","0, 0, 1","0, 0, 1"
195,5504,1,2,0,1,2,2512,1841,"0, 0, 1","0, 0, 1","0, 0, 1"
671,5505,1,2,1,1,2,3432,2625,"0, 0, 1","0, 0, 1","0, 0, 1"
188,5506,2,1,0,1,2,2644,5632,"0, 1, 0","0, 1, 0","0, 1, 0"
203,5507,2,2,0,1,2,4163,6044,"0, 0, 1","0, 0, 1","1, 1, 0"
282,5508,2,2,0,2,1,4076,5177,"1, 0, 1","1, 0, 1","1, 0, 1"
110,5509,1,1,1,2,1,21542,3286,"1, 0, 0","0, 1, 1","1, 0, 0"
196,5510,1,1,0,2,1,2276,2670,"0, 0, 1","0, 1, 1","0, 0, 1"
204,5511,2,2,1,2,1,4517,9544,"0, 1, 1","0, 1, 1","0, 1, 1"
729,5512,1,1,1,1,2,6229,2379,"1, 0, 0","1, 0, 0","1, 0, 0"
201,5513,1,2,0,2,1,2191,6295,"1, 0, 0","1, 1, 0","1, 0, 0"
202,5514,2,1,1,1,2,2946,1822,"1, 0, 0","1, 0, 0","0, 0, 0"
199,5515,1,2,1,2,1,8972,6495,"0, 1, 0","1, 0, 1","1, 0, 1"
609,5516,2,2,1,1,2,3438,2164,"0, 1, 0","0, 1, 0","0, 1, 0"
232,5517,1,1,0,1,2,4098,2627,"0, 0, 1","0, 0, 1","0, 0, 1"
223,5518,2,1,0,2,1,5020,6547,"1, 1, 0","1, 1, 0","1, 0, 0"
234,5519,2,1,1,2,1,5492,4476,"1, 0, 1","1, 0, 1","1, 0, 0"
881,5520,2,2,1,2,1,5206,7810,"1, 1, 0","1, 1, 0","1, 1, 0"
363,5521,2,1,1,2,1,5246,15297,"1, 0, 1","1, 0, 1","0, 1, 0"
91,5522,1,1,0,2,1,2975,2179,"1, 0, 0","1, 1, 0","1, 0, 0"
175,5523,2,1,0,2,1,4402,4321,"1, 0, 1","1, 0, 1","1, 0, 0"
176,5524,1,1,1,2,1,2770,5275,"0, 0, 1","0, 1, 1","0, 0, 1"
969,5525,1,1,0,1,2,2244,4549,"0, 0, 1","0, 0, 1","0, 0, 1"
181,5526,2,2,0,2,1,6230,7569,"1, 1, 0","1, 1, 0","1, 1, 0"
982,5527,2,2,1,1,2,2592,3949,"1, 0, 0","1, 0, 0","1, 0, 0"
909,5528,2,2,0,1,2,2364,4251,"1, 0, 0","1, 0, 0","1, 0, 0"
182,5529,1,2,1,2,1,1928,8877,"0, 0, 1","0, 1, 1","1, 1, 0"
768,5530,2,1,0,1,2,2203,10322,"0, 1, 0","0, 1, 0","0, 1, 0"
617,5531,2,1,1,1,2,2337,2998,"1, 0, 0","1, 0, 0","1, 0, 0"
210,5532,1,2,1,1,2,1867,15484,"1, 0, 0","1, 0, 0","1, 0, 0"
214,5533,1,2,0,2,1,2667,12515,"0, 0, 1","0, 1, 1","0, 0, 1"
209,5534,1,2,0,1,2,4388,5329,"0, 0, 1","0, 0, 1","0, 0, 1"
205,5535,1,1,1,1,2,2503,5303,"0, 1, 0","0, 1, 0","0, 1, 0"
99,5536,2,1,1,2,1,3540,6974,"1, 0, 1","1, 0, 1","1, 0, 0"
949,5537,2,1,0,2,1,5498,3946,"1, 1, 0","1, 1, 0","0, 0, 1"
218,5538,1,1,0,1,2,4184,2170,"0, 0, 1","0, 0, 1","0, 0, 1"
133,5539,2,2,1,1,2,5662,2810,"0, 1, 0","0, 1, 0","0, 1, 0"
225,5540,1,2,1,2,1,8290,5707,"0, 0, 1","1, 1, 0","1, 1, 0"
221,5541,2,1,1,1,2,4499,13223,"0, 1, 0","0, 1, 0","0, 1, 0"
224,5542,1,2,0,2,1,2884,2472,"1, 0, 0","1, 0, 1","1, 0, 0"
774,5543,1,1,1,1,2,4006,3088,"0, 0, 1","0, 0, 1","0, 0, 1"
220,5544,2,2,1,2,1,5008,6164,"1, 0, 1","1, 0, 1","1, 0, 1"
219,5545,1,1,0,2,1,2473,3255,"1, 0, 0","1, 0, 1","1, 0, 0"
216,5546,1,1,1,2,1,2473,2402,"0, 0, 1","0, 1, 1","0, 0, 1"
657,5547,2,2,0,2,1,5497,10209,"0, 1, 1","0, 1, 1","0, 1, 1"
222,5548,2,2,0,1,2,3704,4028,"0, 0, 1","0, 0, 1","0, 0, 1"
207,5549,2,1,0,1,2,3100,4385,"0, 1, 0","0, 1, 0","0, 1, 0"
780,5550,1,2,1,1,2,3223,2080,"1, 0, 0","1, 0, 0","1, 0, 0"
217,5551,1,2,0,1,2,3437,2958,"0, 0, 1","0, 0, 1","0, 0, 1"
230,5552,1,1,0,1,2,2635,3833,"1, 0, 0","1, 0, 0","1, 0, 0"
229,5553,2,1,1,1,2,1953,2700,"1, 0, 0","1, 0, 0","1, 0, 0"
953,5554,2,2,1,2,1,4822,8558,"1, 1, 0","1, 1, 0","1, 1, 0"
808,5555,2,2,0,2,1,3777,4922,"1, 0, 1","1, 0, 1","1, 0, 1"
810,5556,1,2,1,1,2,3660,3371,"1, 0, 0","1, 0, 0","1, 0, 0"
995,5557,2,1,1,2,1,4483,2782,"1, 1, 0","1, 1, 0","1, 0, 0"
807,5558,2,2,1,1,2,2468,5325,"0, 0, 1","0, 0, 1","0, 0, 1"
814,5559,1,2,0,2,1,3354,2882,"0, 0, 1","0, 1, 1","0, 0, 1"
815,5560,1,1,0,2,1,2220,3381,"1, 0, 0","1, 1, 0","1, 0, 0"
698,5561,2,2,0,1,2,3425,6622,"0, 0, 1","0, 0, 1","0, 0, 1"
816,5562,1,2,0,1,2,3487,3701,"0, 1, 0","0, 1, 0","0, 1, 0"
937,5563,2,1,0,2,1,3017,3048,"0, 0, 1","1, 0, 1","0, 0, 1"
829,5564,1,2,1,2,1,2711,2032,"1, 0, 0","0, 1, 1","0, 0, 0"
687,5565,1,1,1,1,2,2195,3587,"0, 0, 1","0, 0, 1","0, 0, 1"
836,5566,1,1,1,2,1,14173,6533,"0, 0, 1","1, 0, 1","1, 0, 0"
833,5567,2,1,0,1,2,1919,1962,"1, 0, 0","1, 0, 0","1, 0, 0"
845,5568,1,2,1,2,1,3314,4858,"1, 0, 0","0, 1, 1","1, 0, 0"
839,5569,1,1,0,2,1,1910,4155,"0, 0, 1","0, 1, 1","0, 0, 1"
727,5570,1,2,1,1,2,3664,7721,"0, 1, 0","0, 1, 0","0, 1, 0"
840,5571,1,1,0,1,2,2774,2276,"0, 1, 0","0, 1, 0","0, 1, 0"
847,5572,1,1,1,1,2,2511,4000,"0, 0, 1","0, 0, 1","0, 0, 1"
832,5573,2,2,0,1,2,3649,3681,"0, 0, 1","0, 0, 1","0, 0, 1"
1006,5574,2,1,1,2,1,3788,9826,"1, 1, 0","1, 1, 0","1, 0, 0"
838,5575,2,1,1,1,2,3987,1998,"1, 0, 0","1, 0, 0","1, 0, 0"
841,5576,1,1,1,2,1,6259,4029,"1, 0, 0","0, 1, 1","0, 0, 1"
262,5577,1,2,0,1,2,3759,4146,"1, 0, 0","1, 0, 0","1, 0, 0"
1020,5578,2,2,1,1,2,1974,3646,"0, 1, 0","0, 1, 0","0, 1, 0"
866,5579,2,2,1,2,1,5492,2542,"1, 1, 0","1, 1, 0","1, 1, 0"
261,5580,2,1,0,1,2,3102,2878,"0, 0, 1","0, 0, 1","0, 0, 1"
112,5581,2,1,0,2,1,3728,3461,"1, 0, 1","1, 0, 1","1, 0, 0"
320,5582,1,2,0,2,1,3611,2000,"0, 0, 1","1, 0, 1","0, 0, 1"
581,5583,2,2,0,2,1,3436,6265,"0, 1, 1","0, 1, 1","0, 1, 1"
357,5584,1,2,1,1,2,5019,3604,"0, 1, 0","0, 1, 0","0, 1, 0"
88,5585,2,2,0,1,2,11529,18096,"0, 0, 1","0, 0, 1","0, 0, 1"
211,5586,1,1,1,2,1,18628,5176,"0, 0, 1","0, 1, 1","1, 0, 0"
848,5587,2,2,1,2,1,8866,8284,"1, 0, 1","1, 0, 1","1, 0, 1"
907,5588,1,2,0,2,1,12808,7084,"0, 0, 1","0, 1, 1","0, 0, 1"
122,5589,1,2,1,2,1,20033,31497,"0, 0, 1","1, 0, 1","0, 0, 1"
206,5590,1,1,0,1,2,4448,6743,"0, 0, 1","0, 0, 1","0, 0, 1"
213,5591,2,1,1,2,1,5980,3004,"1, 0, 1","1, 0, 1","1, 0, 0"
621,5592,1,2,0,1,2,3865,6390,"0, 1, 0","0, 1, 0","0, 1, 0"
212,5593,2,1,0,1,2,4541,5484,"0, 0, 1","0, 0, 1","0, 0, 1"
970,5594,2,2,0,2,1,6388,5799,"1, 0, 1","1, 0, 1","1, 0, 0"
208,5595,1,1,0,2,1,10287,9746,"0, 0, 1","1, 0, 1","0, 0, 1"
647,5596,1,1,1,1,2,3813,3435,"0, 0, 1","0, 0, 1","0, 0, 1"
883,5597,2,1,1,1,2,5928,8873,"0, 0, 1","0, 0, 1","0, 0, 1"
886,5598,2,2,1,1,2,6167,11526,"0, 1, 0","0, 1, 0","0, 1, 0"
590,5599,2,1,0,2,1,20092,3308,"0, 0, 1","0, 1, 1","0, 0, 1"
250,5600,2,2,0,1,2,4440,3734,"0, 1, 0","0, 1, 0","0, 1, 0"
984,5601,2,2,1,2,1,8159,7320,"1, 0, 1","1, 0, 1","1, 0, 1"
665,5602,1,2,1,2,1,24554,11197,"0, 0, 0","1, 0, 1","0, 0, 1"
253,5603,2,1,1,2,1,6625,4952,"1, 0, 0","1, 0, 1","0, 1, 0"
254,5604,2,1,0,1,2,4708,3511,"1, 0, 0","1, 0, 0","1, 0, 0"
248,5605,1,1,0,2,1,3972,2884,"0, 0, 1","0, 1, 1","0, 0, 1"
98,5606,2,1,1,1,2,12304,6637,"0, 1, 1","1, 0, 0","1, 0, 0"
249,5607,2,1,0,2,1,11675,3959,"1, 0, 0","1, 0, 1","1, 0, 0"
245,5608,1,2,1,1,2,7613,2190,"1, 0, 0","1, 0, 0","1, 0, 0"
131,5609,1,1,1,2,1,5199,14423,"0, 0, 1","0, 1, 1","0, 1, 0"
247,5610,1,2,0,2,1,9658,4283,"0, 0, 1","1, 1, 0","0, 0, 1"
251,5611,1,1,0,1,2,6484,5256,"0, 1, 0","0, 1, 0","0, 1, 0"
242,5612,1,2,0,1,2,5850,3347,"0, 1, 0","0, 1, 0","0, 1, 0"
936,5613,2,2,0,2,1,15485,9888,"1, 0, 1","1, 0, 1","1, 0, 1"
252,5614,1,1,1,1,2,6802,1993,"1, 0, 0","1, 0, 0","1, 0, 0"
244,5615,2,2,1,1,2,3401,4578,"0, 0, 1","0, 0, 1","0, 0, 1"
255,5616,2,1,1,2,1,9882,4081,"0, 1, 0","0, 1, 1","0, 0, 1"
694,5617,2,1,0,2,1,18328,2813,"1, 0, 0","1, 0, 1","1, 0, 0"
257,5618,1,1,0,1,2,5168,2557,"0, 0, 1","0, 0, 1","0, 0, 1"
987,5619,2,2,1,1,2,36691,3670,"1, 0, 0","1, 0, 0","1, 0, 0"
259,5620,1,2,1,2,1,9103,2535,"0, 0, 1","1, 1, 0","0, 0, 1"
835,5621,2,1,1,1,2,6195,8487,"0, 1, 0","0, 1, 0","0, 1, 0"
272,5622,1,2,0,2,1,6817,1989,"1, 0, 0","0, 1, 1","1, 0, 0"
273,5623,1,1,1,1,2,10034,2918,"0, 0, 1","0, 0, 1","0, 0, 1"
978,5624,2,2,1,2,1,4087,4659,"1, 1, 0","1, 1, 0","1, 1, 0"
961,5625,1,1,0,2,1,3529,1690,"0, 0, 1","0, 1, 1","0, 0, 0"
279,5626,1,1,1,2,1,5366,5509,"1, 0, 0","1, 1, 0","1, 0, 0"
260,5627,2,2,0,2,1,9397,2653,"0, 1, 1","0, 1, 1","0, 1, 1"
541,5628,2,2,0,1,2,6033,6686,"0, 1, 0","0, 1, 0","0, 1, 0"
928,5629,2,1,0,1,2,14261,3278,"0, 0, 1","0, 0, 1","0, 0, 1"
258,5630,1,2,1,1,2,6078,2004,"0, 0, 1","0, 0, 1","0, 0, 1"
256,5631,1,2,0,1,2,10150,3211,"1, 0, 0","1, 0, 0","1, 0, 0"
246,5632,1,2,0,2,1,14806,5542,"0, 0, 1","1, 1, 0","1, 1, 0"
1004,5633,2,1,0,1,2,14775,4287,"0, 1, 0","0, 1, 0","0, 1, 0"
263,5634,2,2,1,1,2,6345,3232,"1, 0, 0","1, 0, 0","1, 0, 0"
870,5635,1,1,1,2,1,3299,4863,"1, 0, 0","1, 1, 0","1, 0, 0"
871,5636,2,1,1,2,1,3450,9370,"0, 1, 0","0, 1, 1","0, 0, 1"
641,5637,1,1,1,1,2,4378,3577,"0, 1, 0","0, 1, 0","0, 1, 0"
872,5638,1,2,1,1,2,6282,3200,"0, 0, 1","0, 0, 1","0, 0, 1"
291,5639,1,2,1,2,1,4087,8115,"0, 1, 0","1, 0, 1","1, 0, 1"
288,5640,2,2,0,2,1,7773,5075,"0, 1, 1","0, 1, 1","0, 1, 1"
142,5641,2,1,0,2,1,4594,9189,"0, 1, 0","0, 1, 1","0, 1, 0"
285,5642,2,2,1,2,1,12276,2807,"1, 0, 1","1, 0, 1","1, 0, 1"
1017,5643,1,2,0,1,2,3992,10209,"1, 0, 0","1, 0, 0","0, 1, 1"
1019,5644,2,1,1,1,2,4798,2194,"0, 1, 0","0, 1, 0","0, 1, 0"
292,5645,2,2,0,1,2,8297,5441,"0, 0, 1","0, 0, 1","0, 0, 1"
287,5646,1,1,0,1,2,2521,5043,"1, 0, 0","1, 0, 0","1, 0, 0"
290,5647,1,1,0,2,1,1952,3000,"0, 1, 0","0, 1, 1","0, 1, 0"
358,5648,1,1,1,2,1,10092,6045,"1, 0, 0","1, 0, 1","0, 1, 0"
243,5649,1,2,1,2,1,7620,6195,"0, 0, 1","1, 1, 0","1, 1, 0"
90,5650,1,2,0,1,2,12372,10117,"0, 0, 1","0, 0, 1","1, 1, 0"
238,5651,1,1,0,2,1,5687,5932,"0, 1, 0","0, 1, 1","0, 1, 0"
236,5652,2,2,1,1,2,5372,15613,"1, 0, 0","1, 0, 0","1, 0, 0"
770,5653,1,2,1,1,2,3149,10488,"0, 1, 0","0, 1, 0","0, 1, 0"
240,5654,2,2,1,2,1,5176,13529,"1, 1, 0","1, 1, 0","1, 1, 0"
239,5655,1,1,0,1,2,3489,3242,"0, 0, 1","0, 0, 1","0, 0, 1"
235,5656,2,1,0,1,2,6418,8777,"0, 1, 1","1, 0, 0","0, 0, 1"
588,5657,1,1,1,1,2,4029,5342,"0, 0, 1","0, 0, 1","0, 0, 1"
894,5658,2,1,0,2,1,8437,10114,"1, 1, 0","1, 1, 0","1, 0, 0"
237,5659,2,2,0,1,2,3511,5054,"0, 1, 0","0, 1, 0","0, 1, 0"
895,5660,1,2,0,2,1,4341,3910,"1, 0, 0","0, 1, 1","1, 0, 0"
241,5661,2,1,1,2,1,4490,5076,"0, 0, 1","1, 0, 1","0, 0, 1"
947,5662,2,2,0,2,1,5104,11537,"0, 1, 1","0, 1, 1","0, 1, 1"
620,5663,2,1,1,1,2,3068,3825,"1, 0, 0","1, 0, 0","1, 0, 0"
267,5664,1,2,1,2,1,3981,4643,"0, 0, 1","1, 1, 0","0, 0, 1"
268,5665,1,1,0,2,1,3280,3272,"0, 0, 1","0, 1, 1","0, 0, 1"
269,5666,1,2,1,1,2,3206,4111,"1, 0, 0","1, 0, 0","1, 0, 0"
856,5667,1,1,0,1,2,3108,1915,"1, 0, 0","1, 0, 0","1, 0, 0"
135,5668,1,1,1,1,2,3672,3835,"1, 0, 0","1, 0, 0","1, 0, 0"
857,5669,2,2,0,1,2,5229,3269,"0, 1, 0","0, 1, 0","0, 1, 0"
854,5670,2,1,1,2,1,3090,4058,"0, 0, 1","1, 0, 1","0, 0, 1"
627,5671,2,1,1,1,2,4400,3886,"0, 0, 1","0, 0, 1","0, 0, 1"
860,5672,1,1,1,2,1,3937,3036,"0, 0, 1","1, 0, 1","0, 0, 1"
855,5673,1,2,0,1,2,3852,6741,"0, 1, 0","0, 1, 0","0, 1, 0"
266,5674,2,2,1,1,2,4070,4439,"1, 0, 0","1, 0, 0","1, 0, 0"
674,5675,2,2,1,2,1,4450,6962,"1, 1, 0","1, 1, 0","1, 1, 0"
924,5676,2,1,0,1,2,6030,6959,"0, 0, 1","0, 0, 1","0, 0, 1"
271,5677,2,1,0,2,1,2713,3228,"1, 0, 0","1, 0, 1","1, 0, 0"
806,5678,1,2,0,2,1,4698,2705,"0, 1, 0","1, 0, 1","0, 1, 0"
265,5679,2,2,0,2,1,5130,8692,"1, 0, 1","1, 0, 1","1, 0, 1"
277,5680,2,2,0,1,2,2925,4305,"0, 1, 0","0, 1, 0","0, 1, 0"
138,5681,2,2,1,2,1,6920,11442,"1, 1, 0","1, 1, 0","1, 1, 0"
278,5682,1,2,1,2,1,3166,6633,"1, 0, 0","1, 0, 1","1, 0, 0"
283,5683,2,1,1,2,1,4755,3063,"0, 1, 0","1, 1, 0","0, 1, 0"
274,5684,2,1,0,1,2,4931,3756,"0, 0, 1","0, 0, 1","0, 0, 1"
141,5685,1,1,0,2,1,2963,3553,"1, 0, 0","1, 0, 1","1, 0, 0"
275,5686,2,1,1,1,2,3429,2340,"1, 0, 0","1, 0, 0","1, 0, 0"
270,5687,2,1,0,2,1,4477,6019,"1, 0, 1","1, 0, 1","0, 1, 0"
681,5688,1,2,1,1,2,3711,2165,"0, 0, 1","0, 0, 1","0, 0, 1"
280,5689,1,1,1,2,1,3690,5939,"0, 0, 1","0, 1, 1","0, 0, 1"
276,5690,1,2,0,2,1,4262,3390,"0, 1, 0","1, 0, 1","0, 1, 0"
284,5691,1,1,0,1,2,3833,3935,"0, 0, 1","0, 0, 1","0, 0, 1"
691,5692,1,2,0,1,2,17558,5039,"0, 1, 0","0, 1, 0","0, 1, 0"
264,5693,2,2,0,2,1,5343,10322,"0, 1, 1","0, 1, 1","0, 1, 1"
315,5694,1,1,1,1,2,4306,2769,"1, 0, 0","1, 0, 0","1, 0, 0"
314,5695,2,2,1,1,2,18658,2653,"0, 1, 0","0, 1, 0","0, 1, 0"
844,5696,2,1,0,1,2,2737,5078,"0, 0, 1","0, 0, 1","0, 0, 1"
322,5697,1,1,1,2,1,12819,4949,"0, 0, 1","1, 0, 1","0, 0, 1"
321,5698,1,1,1,1,2,3245,1723,"1, 0, 0","1, 0, 0","1, 0, 0"
316,5699,1,2,1,2,1,4809,1949,"0, 1, 0","1, 0, 1","0, 1, 0"
846,5700,2,1,0,2,1,4948,5615,"1, 0, 0","1, 0, 1","1, 0, 0"
319,5701,1,2,0,1,2,5616,3510,"0, 1, 0","0, 1, 0","0, 1, 0"
174,5702,2,2,0,1,2,6359,3685,"0, 0, 1","0, 0, 1","0, 0, 1"
286,5703,1,1,0,2,1,4327,2031,"1, 0, 0","1, 0, 1","1, 0, 0"
350,5704,1,2,0,2,1,3059,6195,"1, 0, 0","1, 1, 0","1, 0, 0"
1000,5705,2,2,1,1,2,3708,4023,"1, 0, 0","1, 0, 0","1, 0, 0"
281,5706,2,1,1,2,1,6625,3403,"0, 1, 1","0, 1, 1","0, 1, 0"
85,5707,1,2,1,1,2,5360,8695,"0, 0, 1","0, 0, 1","0, 0, 1"
718,5708,2,2,0,2,1,4613,6042,"1, 1, 0","1, 1, 0","1, 1, 0"
289,5709,2,2,1,2,1,4446,5025,"1, 0, 1","1, 0, 1","1, 0, 1"
47,5710,2,1,1,1,2,4469,3673,"0, 1, 1","1, 0, 0","1, 0, 0"
865,5711,1,1,0,1,2,12015,3810,"0, 1, 0","0, 1, 0","0, 1, 0"
942,5712,2,2,0,2,1,11142,4100,"1, 1, 0","1, 1, 0","1, 1, 0"
32,5713,1,2,0,2,1,68347,3268,"1, 0, 0","1, 0, 1","1, 0, 0"
123,5714,2,1,0,2,1,28827,5912,"0, 1, 1","0, 1, 1","0, 0, 1"
295,5715,2,1,0,1,2,4993,6122,"0, 0, 1","0, 0, 1","0, 0, 1"
963,5716,2,2,1,2,1,5828,6483,"1, 0, 1","1, 0, 1","1, 0, 1"
931,5717,2,2,1,1,2,4222,6810,"0, 1, 0","0, 1, 0","0, 1, 0"
851,5718,1,2,0,1,2,4912,7950,"1, 0, 0","1, 0, 0","1, 0, 0"
852,5719,1,1,1,2,1,16365,3295,"1, 0, 0","1, 0, 1","1, 0, 0"
923,5720,2,1,1,1,2,8221,5788,"1, 0, 0","1, 0, 0","1, 0, 0"
884,5721,2,1,1,2,1,5650,11517,"1, 1, 0","1, 1, 0","1, 0, 0"
297,5722,2,2,0,1,2,3504,6942,"0, 1, 0","0, 1, 0","0, 1, 0"
298,5723,1,1,1,1,2,6049,3601,"1, 0, 0","1, 0, 0","1, 0, 0"
888,5724,1,1,0,1,2,4685,15373,"0, 1, 0","0, 1, 0","0, 1, 0"
651,5725,1,2,1,1,2,3642,11981,"0, 0, 1","0, 0, 1","0, 0, 1"
294,5726,1,1,0,2,1,3330,5599,"1, 0, 0","1, 1, 0","1, 0, 0"
296,5727,1,2,1,2,1,32810,5592,"0, 1, 0","1, 0, 1","0, 1, 1"
306,5728,1,2,0,2,1,5168,1797,"1, 0, 0","1, 0, 1","1, 0, 0"
686,5729,2,1,0,1,2,3941,5868,"0, 1, 0","0, 1, 0","0, 1, 0"
958,5730,2,2,1,1,2,3022,5138,"0, 1, 0","0, 1, 0","0, 1, 0"
302,5731,1,1,1,2,1,3813,8221,"0, 0, 1","1, 1, 0","0, 0, 1"
299,5732,2,1,1,2,1,5530,3396,"1, 0, 1","1, 0, 1","1, 0, 0"
628,5733,1,1,1,1,2,4873,3240,"0, 0, 1","0, 0, 1","0, 0, 1"
307,5734,1,2,1,1,2,2626,2619,"0, 1, 0","0, 1, 0","0, 1, 0"
305,5735,1,2,1,2,1,4950,8969,"0, 1, 0","1, 0, 1","1, 0, 1"
293,5736,2,2,0,2,1,7567,5346,"1, 0, 1","1, 0, 1","1, 0, 1"
771,5737,2,1,0,2,1,10731,8704,"1, 0, 1","1, 0, 1","1, 0, 0"
300,5738,2,2,1,2,1,5186,7027,"1, 1, 0","1, 1, 0","1, 1, 0"
304,5739,1,2,0,1,2,3674,3706,"0, 1, 0","0, 1, 0","0, 1, 0"
136,5740,2,1,1,1,2,9130,5784,"0, 0, 1","0, 0, 1","0, 0, 1"
310,5741,2,2,0,1,2,4675,6266,"0, 0, 1","0, 0, 1","0, 0, 1"
303,5742,1,1,0,1,2,3123,4631,"0, 1, 0","0, 1, 0","0, 1, 0"
309,5743,1,1,0,2,1,2609,5288,"0, 0, 1","1, 0, 1","0, 0, 1"
952,5744,1,1,1,1,2,4407,3141,"0, 1, 0","0, 1, 0","0, 1, 0"
313,5745,1,2,0,1,2,3237,4918,"1, 0, 0","1, 0, 0","1, 0, 0"
301,5746,1,2,0,2,1,3619,5949,"0, 1, 0","0, 1, 1","0, 1, 0"
308,5747,1,2,1,1,2,3849,4882,"0, 1, 0","0, 1, 0","0, 1, 0"
692,5748,2,1,1,1,2,5215,2471,"0, 1, 0","0, 1, 0","0, 1, 0"
929,5749,2,1,0,1,2,2735,6510,"0, 0, 1","0, 0, 1","0, 0, 1"
318,5750,1,2,1,2,1,3516,5923,"0, 1, 0","1, 0, 1","1, 0, 1"
317,5751,2,2,0,1,2,3312,5667,"0, 1, 0","0, 1, 0","0, 1, 0"
830,5752,2,2,1,1,2,3534,9827,"0, 1, 0","0, 1, 0","0, 1, 0"
992,5753,2,2,0,2,1,6844,5460,"1, 1, 0","1, 1, 0","1, 1, 0"
344,5754,1,1,0,1,2,3149,5036,"0, 0, 1","0, 0, 1","0, 0, 1"
343,5755,1,1,1,2,1,3063,2972,"0, 0, 1","1, 1, 0","0, 0, 1"
826,5756,2,1,0,2,1,13910,3276,"0, 1, 0","1, 1, 0","0, 1, 0"
342,5757,1,1,0,2,1,3172,2376,"1, 0, 0","1, 0, 1","1, 0, 0"
311,5758,2,1,1,2,1,24172,4375,"1, 1, 0","1, 1, 0","1, 0, 0"
480,5759,2,2,1,2,1,5617,6458,"1, 0, 1","1, 0, 1","1, 0, 1"
346,5760,2,2,1,1,2,3026,7395,"0, 1, 0","0, 1, 0","0, 1, 0"
54,5761,1,1,1,1,2,3211,2507,"1, 0, 0","1, 0, 0","1, 0, 0"
869,5762,2,2,0,2,1,5831,5488,"0, 1, 1","0, 1, 1","0, 1, 1"
873,5763,1,2,0,1,2,6709,11708,"0, 1, 0","0, 1, 0","0, 1, 0"
864,5764,1,1,0,1,2,3390,3101,"0, 1, 0","0, 1, 0","0, 1, 0"
143,5765,1,2,0,2,1,6223,5318,"1, 0, 0","1, 0, 1","1, 0, 0"
867,5766,1,1,1,2,1,28860,5771,"0, 1, 0","1, 1, 0","1, 0, 0"
876,5767,1,2,1,1,2,3001,6215,"0, 1, 0","0, 1, 0","0, 1, 0"
349,5768,2,1,0,2,1,3941,2288,"0, 0, 1","0, 1, 1","0, 0, 1"
114,5769,2,1,1,1,2,2842,8930,"1, 0, 0","1, 0, 0","1, 0, 0"
347,5770,1,1,0,2,1,3228,3145,"0, 0, 1","1, 0, 1","0, 0, 1"
345,5771,2,1,0,1,2,2848,2608,"0, 1, 0","0, 1, 0","0, 1, 0"
351,5772,2,1,1,2,1,9037,3453,"0, 1, 1","0, 1, 1","0, 0, 1"
642,5773,1,2,1,2,1,6122,10041,"1, 0, 0","0, 1, 1","0, 1, 1"
348,5774,2,2,1,2,1,8283,4548,"1, 0, 1","1, 0, 1","1, 0, 1"
868,5775,2,2,0,1,2,2942,3004,"1, 0, 0","1, 0, 0","1, 0, 0"
59,5776,2,2,1,1,2,4466,4875,"0, 1, 0","0, 1, 0","0, 1, 0"
899,5777,1,1,1,1,2,3373,3940,"1, 0, 0","1, 0, 0","1, 0, 0"
935,5778,2,2,0,2,1,5004,13576,"0, 1, 1","0, 1, 1","0, 1, 1"
326,5779,1,2,0,1,2,3039,4156,"1, 0, 0","1, 0, 0","1, 0, 0"
742,5780,1,1,0,1,2,3119,4476,"0, 1, 0","0, 1, 0","0, 1, 0"
333,5781,1,2,0,2,1,30839,3783,"0, 1, 0","0, 1, 1","0, 1, 0"
324,5782,1,1,1,2,1,17712,11935,"0, 1, 0","0, 1, 1","0, 1, 0"
331,5783,1,2,1,1,2,2938,3793,"0, 0, 1","0, 0, 1","0, 0, 1"
126,5784,2,1,0,2,1,5534,3766,"0, 1, 1","0, 1, 1","0, 0, 1"
327,5785,2,1,1,1,2,3858,3629,"1, 0, 0","1, 0, 0","1, 0, 0"
323,5786,1,1,0,2,1,4135,5798,"1, 0, 0","1, 0, 1","1, 0, 0"
986,5787,2,1,0,1,2,2699,8846,"1, 0, 0","1, 0, 0","1, 0, 0"
325,5788,2,1,1,2,1,5283,4229,"0, 1, 1","0, 1, 1","0, 0, 1"
893,5789,1,2,1,2,1,5772,9861,"1, 0, 0","1, 1, 0","1, 0, 0"
328,5790,2,2,1,2,1,4838,5504,"1, 0, 1","1, 0, 1","1, 0, 1"
948,5791,2,2,0,1,2,3225,7645,"1, 0, 0","1, 0, 0","1, 0, 0"
332,5792,1,1,1,1,2,3152,2833,"1, 0, 0","1, 0, 0","1, 0, 0"
337,5793,1,2,0,1,2,2900,5683,"1, 0, 0","1, 0, 0","1, 0, 0"
334,5794,1,2,0,2,1,3535,2778,"0, 1, 0","0, 1, 1","0, 1, 0"
630,5795,1,2,1,1,2,4436,2996,"1, 0, 0","1, 0, 0","1, 0, 0"
341,5796,2,1,1,1,2,2660,4040,"0, 1, 0","0, 1, 0","0, 1, 0"
335,5797,2,1,0,1,2,3464,3334,"1, 0, 0","1, 0, 0","1, 0, 0"
336,5798,1,2,1,2,1,2880,5886,"0, 1, 0","0, 1, 1","1, 0, 1"
988,5799,2,2,0,1,2,2894,4658,"0, 1, 0","0, 1, 0","0, 1, 0"
340,5800,2,2,1,1,2,2669,3545,"0, 1, 0","0, 1, 0","0, 1, 0"
338,5801,2,2,0,2,1,4469,5392,"1, 0, 1","1, 0, 1","1, 0, 1"
767,5802,1,1,0,1,2,3223,2997,"1, 0, 0","1, 0, 0","1, 0, 0"
339,5803,1,1,1,2,1,3280,4173,"0, 1, 0","0, 1, 1","1, 0, 0"
384,5804,2,1,0,2,1,4905,3883,"1, 0, 1","1, 0, 1","1, 0, 0"
391,5805,1,1,0,2,1,3264,3568,"0, 1, 0","1, 1, 0","0, 1, 0"
599,5806,2,1,1,2,1,2941,4321,"0, 0, 1","0, 1, 1","0, 0, 1"
390,5807,2,2,1,2,1,4908,6266,"1, 1, 0","1, 1, 0","1, 1, 0"
402,5808,2,1,1,1,2,2780,3960,"0, 1, 0","0, 1, 0","0, 1, 0"
664,5809,2,2,0,2,1,4821,4470,"1, 0, 1","1, 0, 1","1, 0, 1"
400,5810,2,1,1,2,1,3213,3623,"0, 0, 1","0, 1, 1","1, 0, 0"
397,5811,1,2,0,2,1,3352,2606,"1, 0, 0","1, 1, 0","1, 0, 0"
393,5812,2,2,0,1,2,2758,5460,"0, 1, 0","0, 1, 0","0, 1, 0"
635,5813,2,1,0,2,1,2883,3436,"1, 0, 0","1, 1, 0","1, 0, 0"
396,5814,1,1,1,1,2,2522,3876,"0, 1, 0","0, 1, 0","0, 1, 0"
399,5815,2,1,0,1,2,3116,4544,"0, 0, 1","0, 0, 1","0, 0, 1"
398,5816,1,1,0,1,2,2962,3065,"0, 1, 0","0, 1, 0","0, 1, 0"
693,5817,2,2,1,2,1,4494,3510,"0, 1, 1","0, 1, 1","0, 1, 1"
940,5818,1,2,1,1,2,3013,4379,"0, 0, 1","0, 0, 1","0, 0, 0"
994,5819,2,2,1,1,2,3410,3107,"1, 0, 0","1, 0, 0","1, 0, 0"
401,5820,1,1,0,2,1,2749,1887,"0, 1, 0","0, 1, 1","0, 1, 0"
688,5821,1,2,0,1,2,2439,1970,"0, 1, 0","0, 1, 0","0, 1, 0"
404,5822,1,2,1,2,1,2739,2401,"1, 0, 0","1, 0, 1","1, 0, 0"
405,5823,1,1,1,2,1,2442,4200,"0, 0, 1","0, 1, 1","0, 0, 0"
834,5824,2,1,1,2,1,2865,3424,"1, 0, 0","1, 1, 0","1, 0, 0"
410,5825,2,1,0,2,1,3184,4670,"0, 0, 1","0, 1, 1","0, 0, 1"
407,5826,1,1,0,1,2,2492,3360,"1, 0, 0","1, 0, 0","1, 0, 0"
406,5827,2,2,1,1,2,3111,2983,"1, 0, 0","1, 0, 0","1, 0, 0"
843,5828,1,2,1,2,1,3799,5629,"1, 0, 0","1, 0, 1","0, 1, 1"
1014,5829,2,1,1,1,2,2573,3860,"0, 0, 1","0, 0, 1","0, 0, 1"
409,5830,1,2,0,2,1,2792,2070,"1, 0, 0","1, 0, 1","1, 0, 0"
863,5831,1,1,1,1,2,2208,3185,"0, 0, 1","0, 0, 1","0, 0, 1"
842,5832,2,2,1,2,1,4107,11515,"1, 0, 1","1, 0, 1","1, 0, 1"
403,5833,1,1,0,2,1,5334,6828,"0, 1, 0","0, 1, 1","0, 1, 0"
875,5834,1,1,1,2,1,3535,3445,"1, 0, 0","1, 1, 0","1, 0, 0"
1008,5835,2,2,0,2,1,4726,4316,"0, 1, 1","0, 1, 1","0, 1, 1"
553,5836,2,2,0,1,2,2838,3120,"0, 0, 1","0, 0, 1","0, 0, 1"
411,5837,2,1,0,1,2,2953,8358,"0, 1, 0","0, 1, 0","0, 1, 0"
408,5838,1,2,1,1,2,2702,5990,"1, 0, 0","1, 0, 0","0, 0, 0"
525,5839,1,2,0,1,2,2371,2754,"0, 1, 0","0, 1, 0","0, 1, 0"
476,5840,1,1,0,2,1,56396,2691,"1, 0, 0","1, 0, 1","1, 0, 0"
386,5841,1,1,0,1,2,5010,5022,"0, 0, 1","0, 0, 1","0, 0, 1"
94,5842,2,2,0,1,2,51071,8856,"1, 1, 0","0, 0, 1","1, 1, 0"
385,5843,2,1,1,1,2,13140,3479,"1, 0, 1","0, 1, 0","0, 1, 0"
900,5844,1,2,0,1,2,42441,14700,"0, 0, 1","0, 1, 0","0, 0, 1"
650,5845,2,2,1,2,1,15791,5601,"1, 1, 0","1, 1, 0","1, 1, 0"
387,5846,2,1,0,2,1,20141,3985,"0, 1, 1","1, 0, 1","0, 1, 0"
941,5847,2,2,0,2,1,18281,15022,"1, 0, 1","1, 0, 1","1, 0, 1"
383,5848,1,2,1,2,1,5798,8664,"0, 1, 0","1, 0, 1","0, 1, 0"
703,5849,1,2,1,1,2,4325,3851,"1, 0, 0","1, 0, 0","1, 0, 0"
622,5850,1,1,1,1,2,2963,8396,"0, 0, 1","0, 0, 1","0, 0, 1"
652,5851,2,1,1,2,1,9693,2560,"0, 1, 1","0, 1, 1","0, 1, 0"
413,5852,1,1,1,2,1,13781,9246,"0, 1, 0","1, 0, 1","1, 0, 0"
977,5853,2,2,1,1,2,6700,6078,"0, 1, 1","1, 0, 0","1, 0, 0"
890,5854,2,1,0,1,2,5902,13838,"1, 0, 1","0, 1, 0","1, 0, 0"
645,5855,1,2,0,2,1,11571,6002,"0, 1, 0","0, 1, 1","0, 1, 0"
417,5856,1,1,0,1,2,4450,3650,"1, 0, 0","1, 0, 0","1, 0, 0"
956,5857,2,1,1,1,2,8517,9052,"1, 1, 0","0, 0, 1","0, 0, 1"
779,5858,2,2,1,2,1,6462,2944,"0, 1, 1","0, 1, 1","0, 1, 1"
412,5859,2,2,0,2,1,2776,8097,"0, 1, 1","0, 1, 1","0, 1, 1"
418,5860,1,2,1,1,2,5025,6250,"1, 0, 0","1, 0, 0","1, 0, 0"
675,5861,2,1,1,2,1,5145,3597,"1, 1, 0","1, 1, 0","1, 0, 0"
415,5862,2,2,1,1,2,5963,5320,"1, 1, 0","0, 0, 1","0, 0, 1"
414,5863,1,2,0,2,1,5512,4171,"1, 0, 0","0, 1, 1","1, 0, 0"
420,5864,1,1,0,2,1,5067,4535,"0, 0, 1","1, 0, 1","0, 0, 1"
679,5865,2,2,0,1,2,6983,7942,"0, 1, 1","0, 0, 1","0, 1, 1"
416,5866,1,2,0,1,2,5585,3726,"0, 0, 1","0, 0, 1","0, 0, 1"
424,5867,2,1,0,2,1,7346,3315,"1, 0, 0","1, 1, 0","1, 0, 0"
422,5868,1,2,1,2,1,4187,9511,"0, 0, 1","1, 1, 0","1, 0, 1"
680,5869,1,1,1,1,2,2215,2592,"1, 0, 0","1, 0, 0","1, 0, 0"
421,5870,1,1,1,2,1,5316,3192,"1, 0, 0","0, 1, 1","1, 0, 0"
423,5871,2,1,0,1,2,5344,5610,"1, 0, 0","1, 0, 0","1, 0, 0"
433,5872,2,1,0,2,1,18327,3690,"1, 0, 0","1, 1, 0","1, 0, 0"
824,5873,2,2,1,1,2,9269,3751,"1, 0, 1","0, 1, 0","0, 1, 0"
427,5874,2,1,1,1,2,2790,6463,"1, 1, 0","0, 0, 1","0, 0, 1"
419,5875,1,1,1,1,2,1567,3313,"0, 0, 1","0, 0, 1","0, 0, 1"
429,5876,1,1,0,2,1,4431,3239,"0, 0, 1","1, 0, 1","0, 0, 1"
859,5877,2,2,0,2,1,16991,7025,"1, 1, 0","1, 1, 0","1, 1, 0"
432,5878,2,1,0,1,2,5287,7608,"1, 0, 0","1, 0, 0","1, 0, 0"
312,5879,1,2,0,1,2,18351,8567,"0, 0, 0","0, 1, 0","0, 0, 1"
518,5880,2,1,1,2,1,8962,8265,"0, 0, 1","1, 0, 1","1, 0, 0"
434,5881,1,1,0,1,2,2048,4691,"0, 0, 1","0, 0, 1","0, 0, 1"
945,5882,1,2,1,2,1,4863,2839,"1, 0, 0","0, 1, 1","0, 1, 1"
439,5883,1,2,0,2,1,2589,7026,"1, 0, 0","0, 1, 1","0, 1, 1"
431,5884,2,2,1,2,1,2718,3731,"1, 0, 1","1, 0, 1","1, 0, 1"
756,5885,1,1,1,2,1,10712,2769,"0, 0, 1","1, 1, 0","0, 1, 0"
140,5886,2,2,0,1,2,14689,5787,"0, 1, 0","0, 1, 0","1, 0, 1"
425,5887,1,2,1,1,2,5163,3058,"0, 1, 0","0, 1, 0","0, 1, 0"
440,5888,1,1,1,2,1,5251,3127,"0, 1, 0","0, 1, 1","1, 0, 0"
53,5889,1,2,1,2,1,4585,3571,"1, 0, 0","1, 0, 1","1, 0, 0"
465,5890,1,2,0,1,2,15122,4584,"0, 1, 0","0, 1, 0","0, 1, 0"
468,5891,1,1,0,2,1,1853,3167,"1, 0, 0","1, 0, 1","1, 0, 0"
113,5892,2,2,1,1,2,8564,4195,"0, 0, 1","0, 0, 1","0, 0, 1"
464,5893,1,2,1,1,2,2791,2547,"0, 0, 1","0, 0, 1","0, 0, 1"
1023,5894,2,2,1,2,1,8125,6030,"1, 0, 1","1, 0, 1","1, 0, 1"
849,5895,1,1,0,1,2,2853,6094,"0, 0, 1","0, 0, 1","0, 0, 1"
643,5896,2,1,0,1,2,4462,3045,"0, 1, 0","0, 1, 0","0, 1, 0"
352,5897,1,1,1,1,2,2140,4430,"0, 0, 1","0, 0, 1","0, 0, 1"
874,5898,2,1,0,2,1,2756,6473,"0, 0, 1","1, 0, 1","0, 0, 1"
861,5899,2,2,0,1,2,4811,2096,"0, 0, 1","0, 0, 1","0, 0, 1"
35,5900,1,2,0,2,1,5799,2286,"1, 0, 0","1, 1, 0","1, 0, 0"
467,5901,2,1,1,2,1,7443,3854,"1, 1, 0","1, 1, 0","1, 0, 0"
469,5902,2,2,0,2,1,2693,5587,"0, 1, 1","0, 1, 1","0, 1, 1"
612,5903,2,1,1,1,2,2359,2756,"1, 0, 0","1, 0, 0","1, 0, 0"
180,5904,1,2,0,2,1,22683,3071,"1, 0, 0","1, 0, 1","1, 0, 0"
850,5905,2,1,0,1,2,7637,3764,"1, 0, 0","1, 0, 0","1, 0, 0"
901,5906,2,2,1,1,2,5620,11494,"0, 0, 1","0, 0, 1","0, 0, 1"
329,5907,1,1,1,2,1,6466,3926,"0, 1, 0","1, 1, 0","0, 1, 0"
766,5908,2,1,1,2,1,11412,16317,"1, 1, 0","1, 1, 0","0, 1, 0"
355,5909,1,1,1,1,2,9617,7421,"0, 0, 1","0, 0, 1","0, 0, 1"
361,5910,1,2,1,1,2,5523,3987,"1, 0, 0","1, 0, 0","1, 0, 0"
360,5911,1,2,1,2,1,6516,14800,"1, 0, 0","1, 0, 1","0, 1, 1"
892,5912,2,2,0,2,1,8089,7905,"1, 0, 1","1, 0, 1","1, 0, 1"
930,5913,2,1,0,2,1,9324,12492,"1, 1, 0","1, 1, 0","1, 0, 0"
922,5914,2,2,1,2,1,7118,4658,"1, 0, 1","1, 0, 1","1, 0, 1"
128,5915,1,2,0,1,2,4408,8047,"0, 1, 0","0, 1, 0","0, 1, 0"
353,5916,2,1,1,1,2,13733,2360,"0, 0, 1","0, 0, 1","0, 0, 1"
356,5917,2,2,0,1,2,8965,4540,"0, 1, 0","0, 1, 0","0, 1, 0"
359,5918,1,1,0,1,2,3506,9306,"0, 1, 0","0, 1, 0","0, 1, 0"
976,5919,1,1,0,2,1,4233,3187,"0, 1, 0","0, 1, 1","0, 1, 0"
372,5920,2,1,0,1,2,4171,3829,"1, 0, 0","1, 0, 0","1, 0, 0"
366,5921,1,1,1,2,1,4603,6632,"1, 0, 0","1, 0, 1","1, 0, 0"
661,5922,1,1,1,1,2,4853,5848,"0, 1, 0","0, 1, 0","0, 1, 0"
371,5923,1,2,1,2,1,3134,5242,"1, 0, 0","1, 0, 1","1, 0, 0"
950,5924,2,1,0,2,1,4504,9407,"1, 0, 1","1, 0, 1","0, 1, 0"
367,5925,1,2,0,1,2,5656,2820,"0, 1, 0","0, 1, 0","0, 1, 0"
673,5926,2,2,0,1,2,3144,4121,"0, 1, 0","0, 1, 0","0, 1, 0"
369,5927,1,1,0,2,1,5247,2650,"0, 1, 0","0, 1, 1","0, 1, 0"
365,5928,1,2,0,2,1,5595,5338,"1, 0, 0","1, 1, 0","1, 0, 0"
370,5929,2,2,1,1,2,3544,4102,"0, 0, 1","0, 0, 1","0, 0, 1"
663,5930,2,1,1,2,1,4279,4960,"1, 0, 1","1, 0, 1","1, 0, 0"
373,5931,1,2,1,1,2,3345,4482,"0, 0, 1","0, 0, 1","0, 0, 1"
364,5932,2,2,0,2,1,6843,5892,"1, 1, 0","1, 1, 0","1, 1, 0"
629,5933,2,2,1,2,1,6634,8382,"0, 1, 1","0, 1, 1","0, 1, 1"
971,5934,2,1,1,1,2,13088,3063,"0, 1, 0","0, 1, 0","0, 1, 0"
362,5935,1,1,0,1,2,3518,4145,"0, 0, 1","0, 0, 1","0, 0, 1"
380,5936,1,2,1,1,2,11350,4545,"0, 0, 1","0, 0, 1","0, 0, 1"
636,5937,2,2,0,1,2,2953,2817,"0, 1, 0","0, 1, 0","0, 1, 0"
379,5938,1,1,1,2,1,2535,1672,"1, 0, 0","1, 1, 0","1, 0, 0"
378,5939,2,2,1,2,1,4761,6270,"1, 1, 0","1, 1, 0","1, 1, 0"
374,5940,1,2,0,2,1,5461,5816,"0, 1, 0","0, 1, 1","0, 1, 0"
689,5941,1,2,1,2,1,7202,8030,"1, 0, 0","1, 1, 0","0, 1, 1"
376,5942,1,1,0,1,2,5679,3092,"1, 0, 0","1, 0, 0","1, 0, 0"
381,5943,2,1,1,2,1,6583,4956,"1, 0, 1","1, 0, 1","1, 0, 0"
375,5944,1,2,0,1,2,3346,2685,"1, 0, 0","1, 0, 0","1, 0, 0"
979,5945,2,1,0,1,2,6191,7354,"0, 1, 0","0, 1, 0","0, 1, 0"
377,5946,2,2,0,2,1,10785,5185,"0, 1, 1","0, 1, 1","0, 1, 1"
368,5947,1,1,0,2,1,10951,2452,"1, 0, 0","1, 1, 0","1, 0, 0"
858,5948,1,1,1,1,2,12809,3550,"0, 0, 1","0, 0, 1","0, 0, 1"
972,5949,2,1,1,1,2,4078,7593,"0, 1, 0","0, 1, 0","0, 1, 0"
479,5950,2,2,1,1,2,15401,3631,"0, 1, 0","0, 1, 0","0, 1, 0"
481,5951,2,1,0,2,1,7155,6128,"1, 1, 0","1, 1, 0","1, 0, 0"
1024,5952,2,1,1,1,2,11252,4601,"0, 1, 0","0, 1, 0","0, 1, 0"
1001,5953,2,2,0,2,1,8942,5267,"1, 0, 1","1, 0, 1","1, 0, 1"
475,5954,2,1,1,2,1,5258,2064,"1, 0, 1","1, 0, 1","0, 0, 1"
490,5955,1,2,0,2,1,3093,2709,"0, 1, 0","0, 1, 1","0, 1, 0"
497,5956,2,2,0,1,2,3549,3772,"0, 1, 0","0, 1, 0","0, 1, 0"
494,5957,2,1,0,2,1,5506,2553,"1, 1, 0","1, 1, 0","1, 0, 0"
485,5958,1,1,1,1,2,2935,2195,"0, 0, 1","0, 0, 1","0, 0, 1"
492,5959,2,1,0,1,2,3314,3148,"0, 0, 1","0, 0, 1","0, 0, 1"
483,5960,1,1,0,1,2,4761,1373,"0, 1, 0","0, 1, 0","0, 1, 0"
496,5961,2,2,1,2,1,4549,13383,"0, 1, 1","0, 1, 1","0, 1, 1"
487,5962,1,2,1,1,2,3335,2697,"1, 0, 0","1, 0, 0","1, 0, 0"
489,5963,2,2,1,1,2,3009,6041,"0, 1, 0","0, 1, 0","0, 1, 0"
493,5964,1,1,0,2,1,3037,2710,"1, 0, 0","1, 1, 0","1, 0, 0"
488,5965,1,2,0,1,2,4898,1957,"1, 0, 0","1, 0, 0","1, 0, 0"
486,5966,1,2,1,2,1,3393,3498,"1, 0, 0","1, 0, 1","1, 0, 1"
495,5967,1,1,1,2,1,3058,4115,"1, 0, 0","1, 1, 0","0, 0, 1"
30,5968,1,1,1,1,2,6136,3655,"1, 0, 0","1, 0, 0","1, 0, 0"
878,5969,1,2,0,1,2,5158,4061,"1, 0, 0","1, 0, 0","1, 0, 0"
946,5970,1,2,0,2,1,48461,4639,"0, 0, 1","1, 1, 0","0, 0, 1"
762,5971,1,2,1,1,2,4997,3817,"0, 0, 1","0, 0, 1","0, 0, 1"
470,5972,2,1,1,1,2,7104,4796,"0, 0, 1","0, 0, 1","0, 0, 1"
474,5973,2,1,0,1,2,3428,7725,"0, 1, 0","0, 1, 0","0, 1, 0"
473,5974,1,2,1,2,1,7951,6832,"1, 0, 0","0, 1, 1","1, 1, 0"
117,5975,2,2,0,1,2,15505,10251,"0, 1, 0","0, 1, 0","0, 1, 0"
471,5976,2,2,1,1,2,4821,3431,"1, 0, 0","1, 0, 0","1, 0, 0"
916,5977,2,2,0,2,1,8264,8073,"0, 1, 1","0, 1, 1","0, 1, 1"
649,5978,1,1,0,1,2,3824,2113,"0, 0, 1","0, 0, 1","0, 0, 1"
478,5979,1,1,1,2,1,17089,4188,"0, 1, 0","1, 0, 1","0, 1, 0"
472,5980,2,1,0,2,1,6413,3433,"0, 1, 0","0, 1, 1","0, 1, 0"
853,5981,1,1,0,2,1,4865,7440,"1, 0, 0","1, 0, 1","1, 0, 0"
89,5982,2,1,1,2,1,9692,3463,"1, 1, 0","1, 1, 0","1, 0, 0"
981,5983,2,2,1,2,1,7111,6319,"1, 0, 1","1, 0, 1","1, 0, 1"
499,5984,1,2,0,1,2,5293,4844,"0, 0, 1","0, 0, 1","1, 1, 0"
504,5985,1,2,1,1,2,3721,2470,"1, 0, 0","1, 0, 0","1, 0, 0"
601,5986,2,1,0,1,2,5367,5425,"0, 1, 0","0, 1, 0","0, 1, 0"
965,5987,2,2,0,1,2,5976,3561,"1, 0, 0","1, 0, 0","1, 0, 0"
502,5988,2,2,0,2,1,6691,4903,"1, 0, 1","1, 0, 1","1, 0, 1"
134,5989,1,1,1,2,1,3843,3810,"1, 0, 0","1, 1, 0","0, 1, 0"
503,5990,1,1,0,2,1,4256,4329,"0, 1, 0","0, 1, 1","0, 1, 0"
957,5991,2,2,1,2,1,6209,3005,"0, 1, 1","0, 1, 1","0, 1, 1"
507,5992,1,1,1,1,2,2827,6165,"1, 0, 0","1, 0, 0","1, 0, 0"
803,5993,1,2,0,2,1,4387,5408,"1, 0, 0","1, 1, 0","1, 0, 0"
506,5994,2,1,1,1,2,3523,4119,"0, 0, 1","0, 0, 1","0, 0, 1"
500,5995,1,2,1,2,1,3129,11452,"0, 0, 1","1, 1, 0","1, 1, 0"
625,5996,2,2,1,1,2,4226,4628,"0, 1, 0","0, 1, 0","0, 1, 0"
509,5997,1,1,0,1,2,4550,2605,"1, 0, 0","1, 0, 0","1, 0, 0"
510,5998,2,1,0,2,1,3249,7748,"0, 1, 0","0, 1, 1","0, 1, 0"
501,5999,2,1,1,2,1,7980,2760,"0, 1, 1","0, 1, 1","0, 0, 1"
980,6000,2,1,0,1,2,3925,3478,"0, 0, 1","0, 0, 1","0, 0, 1"
511,6001,1,1,1,2,1,11459,8058,"0, 0, 1","1, 1, 0","1, 0, 0"
522,6002,1,1,1,1,2,4210,5722,"0, 1, 0","0, 1, 0","0, 1, 0"
515,6003,1,2,1,2,1,5864,4800,"0, 1, 0","1, 0, 1","1, 0, 1"
685,6004,2,1,0,2,1,5456,2382,"1, 0, 0","1, 0, 1","1, 0, 0"
508,6005,1,2,0,1,2,2990,3587,"0, 0, 1","0, 0, 1","0, 0, 1"
516,6006,2,2,0,1,2,3387,4594,"0, 0, 1","0, 0, 1","0, 0, 1"
512,6007,1,1,0,2,1,4540,3670,"1, 0, 0","1, 1, 0","1, 0, 0"
759,6008,1,2,0,2,1,5878,2038,"0, 1, 0","1, 0, 1","0, 1, 0"
519,6009,2,2,1,1,2,4803,5917,"0, 1, 0","0, 1, 0","0, 1, 0"
513,6010,2,1,1,2,1,8158,4652,"1, 0, 1","1, 0, 1","1, 0, 0"
820,6011,1,2,1,1,2,3056,2958,"1, 0, 0","1, 0, 0","1, 0, 0"
428,6012,2,2,0,2,1,5255,7684,"1, 1, 0","1, 1, 0","1, 1, 0"
426,6013,2,2,1,2,1,6003,5218,"1, 1, 0","1, 1, 0","1, 1, 0"
436,6014,2,1,1,1,2,5153,4128,"0, 1, 1","1, 0, 0","1, 0, 0"
430,6015,1,1,0,1,2,2658,3301,"1, 0, 0","1, 0, 0","1, 0, 0"
526,6016,2,2,0,2,1,5189,8480,"1, 0, 1","1, 0, 1","1, 0, 1"
505,6017,1,2,0,2,1,7214,4350,"0, 1, 0","1, 0, 1","0, 1, 0"
435,6018,2,1,0,2,1,10449,2398,"0, 1, 0","0, 1, 1","0, 1, 0"
967,6019,2,1,0,1,2,4301,4015,"0, 0, 1","0, 0, 1","0, 0, 1"
527,6020,2,2,1,2,1,5148,4101,"1, 0, 1","1, 0, 1","1, 0, 1"
524,6021,2,2,1,1,2,9057,11316,"1, 0, 1","0, 1, 0","0, 0, 1"
517,6022,1,2,0,1,2,2754,10898,"0, 0, 1","0, 0, 1","0, 0, 0"
521,6023,1,1,1,2,1,4982,2544,"1, 0, 0","0, 1, 1","0, 0, 1"
437,6024,2,1,1,1,2,6216,3573,"0, 1, 1","1, 0, 0","1, 0, 0"
1015,6025,2,1,1,2,1,4843,3099,"1, 1, 0","1, 1, 0","1, 0, 0"
904,6026,2,2,0,1,2,3515,3601,"0, 1, 0","0, 1, 0","0, 1, 0"
520,6027,1,1,1,1,2,5920,3305,"1, 0, 0","1, 0, 0","1, 0, 0"
556,6028,1,1,0,1,2,3542,4191,"0, 0, 1","0, 0, 1","0, 0, 1"
438,6029,1,2,1,1,2,3718,3404,"0, 1, 0","0, 1, 0","0, 1, 0"
514,6030,1,1,0,2,1,3728,2237,"1, 0, 0","1, 1, 0","1, 0, 0"
551,6031,1,2,1,2,1,6280,5838,"1, 0, 0","0, 1, 1","0, 1, 1"
3,6032,1,1,0,1,2,10452,3690,"0, 1, 0","0, 1, 0","0, 1, 0"
354,6033,2,1,1,1,2,8633,6995,"1, 0, 0","1, 0, 0","1, 0, 0"
93,6034,2,2,1,2,1,9154,5906,"1, 1, 0","1, 1, 0","1, 1, 0"
885,6035,2,2,0,2,1,6760,10061,"1, 0, 1","1, 0, 1","1, 0, 1"
530,6036,1,2,1,1,2,4744,4226,"1, 0, 0","1, 0, 0","1, 0, 0"
528,6037,2,1,1,2,1,7188,5542,"1, 1, 0","1, 1, 0","1, 0, 0"
920,6038,2,2,1,1,2,4590,9135,"0, 0, 1","0, 0, 1","0, 0, 1"
539,6039,1,2,0,2,1,5927,4590,"1, 0, 0","1, 1, 0","1, 0, 0"
538,6040,1,1,0,2,1,5873,5911,"0, 1, 0","1, 1, 0","0, 1, 0"
534,6041,2,2,0,1,2,3782,6318,"1, 0, 0","1, 0, 0","1, 0, 0"
119,6042,1,2,0,1,2,4869,8845,"0, 1, 0","0, 1, 0","0, 1, 1"
536,6043,2,1,0,2,1,18280,2597,"1, 0, 0","1, 0, 1","1, 0, 0"
537,6044,1,2,1,2,1,4168,13535,"0, 0, 1","1, 0, 1","1, 1, 0"
535,6045,1,1,1,1,2,3805,6257,"1, 0, 0","1, 0, 0","1, 0, 0"
121,6046,1,1,1,2,1,4088,6262,"1, 0, 0","1, 0, 1","1, 0, 0"
529,6047,2,1,0,1,2,4628,5656,"0, 0, 1","0, 0, 1","0, 0, 1"
542,6048,2,1,1,1,2,3880,3962,"1, 0, 0","1, 0, 0","1, 0, 0"
777,6049,2,2,0,2,1,6794,9149,"1, 0, 1","1, 0, 1","1, 0, 1"
531,6050,2,1,1,2,1,6049,6137,"1, 0, 0","1, 1, 0","0, 0, 1"
934,6051,1,2,0,2,1,7935,2862,"1, 0, 0","1, 0, 1","1, 0, 0"
626,6052,2,2,0,1,2,3566,5773,"0, 1, 0","0, 1, 0","0, 1, 0"
540,6053,2,1,0,2,1,4303,2697,"0, 0, 1","0, 1, 1","0, 0, 1"
544,6054,1,1,1,1,2,4160,3643,"1, 0, 0","1, 0, 0","1, 0, 0"
545,6055,2,1,0,1,2,2848,3592,"0, 0, 1","0, 0, 1","0, 0, 1"
683,6056,1,1,0,1,2,2956,3630,"0, 0, 1","0, 0, 1","0, 0, 1"
543,6057,2,2,1,2,1,7324,15371,"0, 1, 1","0, 1, 1","0, 1, 1"
566,6058,1,2,1,1,2,4065,4309,"0, 1, 0","0, 1, 0","0, 1, 0"
659,6059,2,2,1,1,2,4876,5233,"0, 0, 1","0, 0, 1","0, 0, 1"
557,6060,1,1,0,2,1,3898,3880,"1, 0, 0","1, 1, 0","1, 0, 0"
564,6061,1,2,0,1,2,3347,3984,"0, 0, 1","0, 0, 1","0, 0, 1"
959,6062,1,2,1,2,1,4844,5923,"0, 1, 0","1, 1, 0","0, 1, 0"
565,6063,1,1,1,2,1,3735,2824,"1, 0, 0","1, 1, 0","1, 0, 0"
139,6064,1,1,0,2,1,11624,3956,"0, 0, 1","0, 1, 1","0, 0, 1"
573,6065,1,1,0,1,2,4533,3877,"0, 0, 1","0, 0, 1","0, 0, 1"
569,6066,2,2,0,1,2,3993,3917,"0, 0, 1","0, 0, 1","0, 0, 1"
571,6067,2,1,1,1,2,3124,2147,"0, 0, 1","0, 0, 1","0, 0, 1"
700,6068,1,2,0,1,2,3887,6324,"0, 1, 0","0, 1, 0","1, 0, 1"
574,6069,2,2,1,2,1,5896,2874,"0, 1, 1","0, 1, 1","0, 1, 1"
570,6070,2,1,0,2,1,7894,6847,"1, 0, 0","1, 1, 0","1, 0, 0"
701,6071,2,2,0,2,1,6222,5367,"1, 0, 1","1, 0, 1","1, 0, 1"
572,6072,1,2,1,2,1,3696,8145,"1, 0, 0","1, 1, 0","0, 1, 1"
903,6073,1,2,1,1,2,3253,2773,"0, 0, 1","0, 0, 1","0, 0, 1"
575,6074,1,1,1,1,2,3488,3167,"0, 1, 0","0, 1, 0","0, 1, 0"
713,6075,2,1,1,2,1,4525,6404,"1, 0, 0","1, 1, 0","1, 0, 0"
567,6076,1,1,1,2,1,3967,2746,"1, 0, 0","1, 1, 0","1, 0, 0"
568,6077,2,2,1,1,2,3123,3168,"0, 0, 1","0, 0, 1","0, 0, 1"
823,6078,2,1,0,1,2,3339,2205,"1, 0, 0","1, 0, 0","0, 0, 0"
607,6079,1,2,0,2,1,4266,5701,"1, 0, 0","1, 1, 0","1, 0, 0"
837,6080,1,2,1,1,2,3387,1700,"1, 0, 0","1, 0, 0","1, 0, 0"
604,6081,2,2,0,1,2,3864,3321,"1, 0, 0","1, 0, 0","1, 0, 0"
610,6082,1,1,1,2,1,3580,2892,"0, 0, 1","1, 0, 1","0, 0, 1"
608,6083,2,2,1,2,1,5477,4628,"1, 1, 0","1, 1, 0","1, 1, 0"
466,6084,1,2,0,2,1,2511,2449,"1, 0, 0","1, 1, 0","1, 0, 0"
548,6085,1,2,1,2,1,3833,6530,"0, 1, 0","1, 1, 0","1, 0, 0"
491,6086,1,1,0,1,2,3482,8252,"1, 0, 0","1, 0, 0","1, 0, 0"
583,6087,2,1,1,2,1,4235,3010,"1, 0, 0","1, 0, 1","0, 0, 0"
498,6088,1,2,0,1,2,2830,5436,"0, 0, 1","0, 0, 1","1, 1, 0"
42,6089,2,1,0,1,2,2997,3986,"0, 1, 0","0, 1, 0","0, 1, 0"
585,6090,2,2,0,2,1,7246,4867,"1, 1, 0","1, 1, 0","1, 1, 0"
614,6091,1,1,0,2,1,3381,3007,"1, 0, 0","1, 1, 0","1, 0, 0"
580,6092,1,1,1,1,2,3067,3777,"1, 0, 0","1, 0, 0","1, 0, 0"
579,6093,2,1,1,1,2,2834,2976,"0, 0, 1","0, 0, 1","0, 0, 1"
55,6094,2,2,1,1,2,3579,2346,"1, 0, 0","1, 0, 0","1, 0, 0"
576,6095,2,1,0,2,1,3986,3952,"0, 0, 1","0, 1, 1","0, 0, 1"
1,6096,2,1,0,2,1,50059,6611,"1, 1, 0","0, 1, 1","0, 1, 0"
731,6097,2,2,1,1,2,6383,4476,"0, 0, 1","0, 0, 1","0, 0, 1"
772,6098,2,1,1,1,2,3192,6771,"0, 1, 0","0, 1, 0","0, 1, 0"
532,6099,1,1,1,1,2,3606,2415,"1, 0, 0","1, 0, 0","1, 0, 0"
908,6100,1,1,0,2,1,8733,6004,"0, 0, 1","1, 0, 1","0, 0, 1"
914,6101,2,2,0,2,1,15432,7266,"1, 1, 0","1, 1, 0","1, 1, 0"
619,6102,2,1,0,1,2,3976,3942,"1, 0, 0","1, 0, 0","1, 0, 0"
533,6103,1,2,0,1,2,6628,4012,"0, 1, 0","0, 1, 0","0, 1, 0"
921,6104,2,1,1,2,1,18572,8324,"1, 1, 0","1, 1, 0","1, 0, 0"
561,6105,1,1,0,1,2,3249,3318,"0, 1, 0","0, 1, 0","0, 1, 0"
646,6106,1,2,1,2,1,3777,4297,"0, 1, 0","1, 0, 1","0, 1, 0"
560,6107,1,2,0,2,1,7228,6123,"1, 0, 0","0, 1, 1","1, 1, 0"
562,6108,2,2,1,2,1,3963,4870,"1, 1, 0","1, 1, 0","1, 1, 0"
563,6109,1,1,1,2,1,8501,7673,"0, 0, 1","1, 1, 0","0, 1, 0"
623,6110,2,2,0,1,2,3029,3490,"0, 0, 1","0, 0, 1","0, 0, 1"
877,6111,1,2,1,1,2,3235,3274,"1, 0, 0","1, 0, 0","1, 0, 0"
388,6112,2,2,1,1,2,4784,11881,"0, 0, 1","0, 0, 1","0, 0, 1"
394,6113,1,1,1,1,2,3455,4362,"0, 1, 0","0, 1, 0","0, 1, 0"
137,6114,2,2,0,2,1,6740,6435,"0, 1, 1","0, 1, 1","0, 1, 1"
395,6115,1,2,0,1,2,2666,9964,"0, 1, 0","0, 1, 0","0, 1, 0"
392,6116,1,1,0,1,2,4197,4893,"1, 0, 0","1, 0, 0","1, 0, 0"
389,6117,1,2,0,2,1,6493,3520,"1, 0, 0","0, 1, 1","1, 0, 0"
624,6118,1,1,1,2,1,4826,5159,"0, 1, 0","1, 0, 1","0, 1, 0"
11,6119,1,2,1,1,2,2267,2283,"1, 0, 0","1, 0, 0","1, 0, 0"
10,6120,2,1,0,2,1,6559,2852,"1, 0, 0","1, 1, 0","1, 0, 0"
97,6121,2,1,1,1,2,13116,8241,"1, 0, 1","0, 1, 0","0, 1, 0"
6,6122,1,1,0,2,1,2674,4035,"1, 0, 0","1, 0, 1","1, 0, 0"
5,6123,2,1,0,1,2,3370,3534,"0, 1, 0","0, 1, 0","0, 1, 0"
12,6124,2,1,1,2,1,7612,5575,"1, 0, 1","1, 0, 1","0, 0, 1"
660,6125,1,2,1,2,1,5052,9115,"1, 0, 0","0, 1, 1","1, 1, 0"
9,6126,2,2,1,2,1,4433,5614,"1, 1, 0","1, 1, 0","1, 1, 0"
8,6127,2,2,0,1,2,9621,3421,"0, 0, 1","0, 0, 1","0, 0, 1"
927,6128,1,2,0,1,2,2344,3652,"0, 1, 0","0, 1, 0","0, 1, 0"
974,6129,1,2,1,1,2,3548,4676,"0, 0, 1","0, 0, 1","0, 0, 1"
23,6130,2,1,0,1,2,3888,2783,"0, 1, 0","0, 1, 0","0, 1, 0"
22,6131,2,2,0,1,2,3388,4547,"0, 0, 1","0, 0, 1","0, 0, 1"
695,6132,2,2,0,2,1,6473,2992,"1, 1, 0","1, 1, 0","1, 1, 0"
21,6133,1,1,1,2,1,11778,4156,"1, 0, 0","0, 1, 1","1, 0, 0"
20,6134,1,1,0,2,1,3975,3422,"0, 0, 1","1, 0, 1","0, 0, 1"
715,6135,2,2,1,2,1,4853,11122,"0, 1, 1","0, 1, 1","0, 1, 1"
17,6136,1,1,1,1,2,4339,2554,"0, 0, 1","0, 0, 1","0, 0, 1"
19,6137,1,2,0,2,1,2402,3543,"0, 0, 1","0, 1, 1","0, 0, 1"
15,6138,2,1,1,1,2,4177,3301,"1, 0, 1","0, 1, 0","0, 1, 0"
16,6139,1,2,1,2,1,3259,3770,"0, 0, 1","1, 1, 0","1, 0, 0"
821,6140,2,2,1,1,2,4662,7702,"1, 0, 1","0, 1, 0","0, 1, 0"
18,6141,1,1,0,1,2,2633,4511,"0, 1, 0","0, 1, 0","0, 1, 0"
25,6142,2,1,0,2,1,9252,4359,"1, 0, 1","0, 1, 1","1, 0, 0"
951,6143,2,1,1,2,1,5004,2026,"1, 1, 0","1, 1, 0","1, 0, 0"
555,6144,1,1,0,2,1,3299,5497,"0, 0, 1","0, 1, 1","0, 0, 1"
1012,6145,1,1,0,1,2,6956,2255,"1, 0, 0","1, 0, 0","1, 0, 0"
550,6146,2,2,0,1,2,11001,3915,"0, 1, 0","0, 1, 0","0, 1, 0"
546,6147,2,1,1,1,2,5335,9206,"1, 1, 0","0, 0, 1","1, 0, 0"
549,6148,1,2,0,1,2,4967,2663,"0, 0, 1","0, 0, 1","0, 0, 1"
1003,6149,2,2,1,2,1,4547,3794,"1, 0, 1","1, 0, 1","1, 0, 1"
582,6150,2,1,0,2,1,7064,4265,"1, 0, 1","1, 0, 1","1, 0, 0"
578,6151,2,2,0,2,1,6740,10716,"0, 1, 1","0, 1, 1","0, 1, 1"
577,6152,1,2,1,2,1,2338,4758,"1, 0, 0","0, 1, 1","0, 1, 1"
27,6153,1,2,1,1,2,3008,2395,"1, 0, 0","1, 0, 0","1, 0, 0"
554,6154,1,1,1,1,2,2130,4117,"0, 1, 0","0, 1, 0","0, 1, 0"
547,6155,2,1,1,2,1,4286,2906,"0, 1, 1","0, 1, 1","0, 0, 1"
87,6156,1,1,1,2,1,2247,4282,"0, 0, 1","1, 1, 0","0, 1, 0"
584,6157,2,2,1,1,2,6064,9733,"1, 0, 1","0, 1, 0","0, 1, 0"
1016,6158,2,1,0,1,2,2544,3236,"0, 0, 1","0, 0, 1","0, 0, 1"
29,6159,1,2,0,2,1,6204,3670,"0, 0, 1","1, 0, 1","0, 0, 1"
34,6160,2,1,1,2,1,17046,4731,"1, 1, 0","1, 1, 0","1, 0, 0"
740,6161,2,1,0,2,1,32173,1857,"1, 0, 0","1, 0, 1","1, 0, 0"
558,6162,1,1,0,1,2,4406,8168,"0, 0, 1","0, 0, 1","0, 0, 1"
559,6163,2,2,1,1,2,8481,4893,"0, 1, 1","1, 0, 0","1, 0, 0"
594,6164,1,2,1,2,1,24499,12270,"0, 1, 0","1, 0, 1","0, 1, 1"
769,6165,2,1,1,1,2,4676,5738,"1, 1, 0","0, 0, 1","0, 0, 1"
587,6166,1,2,0,2,1,4915,4419,"0, 0, 1","0, 1, 1","0, 0, 1"
955,6167,1,1,1,1,2,3546,3257,"0, 1, 0","0, 1, 0","0, 1, 0"
592,6168,2,2,1,2,1,4221,8920,"1, 0, 1","1, 0, 1","1, 0, 1"
648,6169,1,1,0,2,1,3945,2759,"1, 0, 0","1, 1, 0","1, 0, 0"
593,6170,1,1,1,2,1,4395,5757,"0, 1, 0","0, 1, 1","1, 0, 0"
898,6171,2,2,0,2,1,9465,5495,"1, 1, 0","1, 1, 0","1, 1, 0"
654,6172,2,2,0,1,2,5915,11030,"0, 0, 1","0, 0, 1","0, 0, 1"
586,6173,2,1,0,1,2,3957,4566,"1, 0, 0","1, 0, 0","1, 0, 0"
591,6174,1,2,1,1,2,3881,4578,"1, 0, 0","1, 0, 0","1, 0, 0"
589,6175,1,2,0,1,2,4266,4845,"0, 0, 1","0, 0, 1","0, 0, 1"
985,6176,2,1,0,2,1,14313,3448,"1, 0, 0","1, 0, 1","1, 0, 0"
603,6177,2,2,1,1,2,8541,2368,"0, 1, 1","1, 0, 0","1, 0, 0"
595,6178,2,1,1,1,2,2558,3497,"0, 0, 1","0, 0, 1","0, 0, 1"
606,6179,1,1,1,1,2,2319,6328,"0, 0, 1","0, 0, 1","0, 0, 1"
802,6180,1,1,0,2,1,3854,1666,"1, 0, 0","1, 1, 0","1, 0, 0"
598,6181,2,2,0,2,1,5980,7009,"1, 0, 1","1, 0, 1","1, 0, 1"
600,6182,2,1,0,1,2,3397,3657,"0, 1, 0","0, 1, 0","0, 1, 0"
631,6183,1,2,0,1,2,7077,2912,"1, 0, 0","1, 0, 0","1, 0, 0"
602,6184,2,1,1,2,1,4340,9377,"0, 1, 1","0, 1, 1","0, 1, 0"
597,6185,1,1,0,1,2,3299,7842,"0, 1, 0","0, 1, 0","0, 1, 0"
605,6186,1,2,1,2,1,7176,1882,"0, 0, 1","1, 1, 0","0, 0, 1"
656,6187,1,2,0,2,1,19743,4631,"1, 0, 0","1, 1, 0","1, 0, 0"
983,6188,2,2,1,2,1,4486,4369,"1, 0, 1","1, 0, 1","1, 0, 1"
2,6189,1,1,1,2,1,10370,7929,"1, 0, 0","0, 1, 1","0, 1, 0"
4,6190,2,2,0,1,2,4549,3157,"0, 1, 0","0, 1, 0","0, 1, 0"
910,6191,1,2,1,1,2,3551,3052,"0, 1, 0","0, 1, 0","0, 1, 0"
7,6192,1,2,1,2,1,2624,4563,"0, 0, 1","1, 1, 0","0, 0, 1"
13,6193,1,1,0,2,1,4280,4364,"1, 0, 0","1, 0, 1","1, 0, 0"
24,6194,1,2,1,1,2,4980,4527,"0, 1, 0","0, 1, 0","0, 1, 0"
14,6195,1,1,0,1,2,2731,9034,"0, 0, 1","0, 0, 1","0, 0, 1"
938,6196,1,1,1,1,2,3336,4612,"0, 1, 0","0, 1, 0","0, 1, 0"
26,6197,2,2,0,1,2,6361,3873,"0, 1, 0","0, 1, 0","0, 1, 0"
944,6198,2,1,1,2,1,6762,6490,"1, 1, 0","1, 1, 0","0, 1, 0"
41,6199,2,1,1,1,2,4982,3566,"1, 0, 1","0, 1, 0","0, 1, 0"
38,6200,1,1,1,2,1,2934,8245,"0, 0, 1","1, 1, 0","1, 0, 0"
37,6201,1,2,0,1,2,4946,2799,"0, 1, 0","0, 1, 0","0, 1, 0"
39,6202,2,2,1,1,2,12450,2142,"0, 0, 1","0, 0, 1","0, 0, 1"
640,6203,2,2,1,2,1,8338,7816,"1, 1, 0","1, 1, 0","1, 1, 0"
637,6204,2,1,0,1,2,5668,2993,"0, 0, 1","0, 0, 1","0, 0, 1"
993,6205,2,1,0,2,1,9563,6419,"1, 0, 0","1, 1, 0","1, 0, 0"
638,6206,1,2,0,2,1,25975,4403,"0, 0, 1","0, 1, 1","0, 1, 0"
666,6207,2,2,0,2,1,8444,4654,"1, 0, 1","1, 0, 1","0, 1, 0"
28,6208,1,1,1,1,2,2503,11129,"0, 1, 0","0, 1, 0","0, 1, 0"
145,6209,1,2,0,1,2,3249,4859,"0, 1, 0","0, 1, 0","0, 1, 0"
484,6210,1,2,0,2,1,23822,2153,"1, 0, 0","1, 1, 0","1, 0, 0"
51,6211,1,2,1,1,2,2668,2848,"0, 0, 1","0, 0, 1","0, 0, 1"
49,6212,2,1,1,1,2,3093,3781,"1, 0, 0","1, 0, 0","1, 0, 0"
1010,6213,2,1,0,1,2,5193,2537,"1, 0, 0","1, 0, 0","1, 0, 0"
43,6214,1,2,1,2,1,4791,6412,"1, 0, 0","0, 1, 1","0, 0, 1"
48,6215,2,2,0,1,2,16963,4859,"0, 0, 1","0, 0, 1","0, 0, 1"
760,6216,2,2,1,1,2,18223,3011,"1, 1, 0","0, 0, 1","1, 1, 0"
40,6217,2,2,0,2,1,7905,2472,"1, 0, 1","1, 0, 1","1, 0, 1"
52,6218,1,1,0,1,2,7808,2214,"0, 1, 0","0, 1, 0","0, 1, 0"
50,6219,1,1,1,2,1,2566,4590,"0, 1, 0","1, 0, 1","0, 0, 1"
86,6220,2,1,0,2,1,4614,2273,"1, 0, 0","1, 1, 0","1, 0, 0"
57,6221,1,1,0,2,1,3737,2726,"0, 1, 0","0, 1, 1","0, 1, 0"
46,6222,2,1,1,2,1,4853,3043,"0, 1, 1","0, 1, 1","0, 1, 0"
44,6223,2,2,1,2,1,6224,5706,"1, 0, 1","1, 0, 1","1, 0, 1"
917,6224,2,1,0,1,2,27614,5476,"0, 1, 0","0, 1, 0","0, 1, 0"
880,6225,1,1,1,2,1,16103,7832,"1, 0, 0","1, 1, 0","1, 0, 0"
734,6226,1,1,1,1,2,5123,9367,"1, 0, 0","1, 0, 0","1, 0, 0"
445,6227,1,2,1,2,1,10505,4396,"1, 0, 0","1, 1, 0","1, 1, 0"
441,6228,2,1,0,2,1,7528,12572,"0, 1, 1","0, 1, 1","0, 0, 1"
763,6229,1,2,0,1,2,4141,4162,"0, 1, 0","0, 1, 0","0, 1, 0"
443,6230,2,2,0,1,2,6000,4203,"0, 1, 0","0, 1, 0","0, 1, 0"
447,6231,1,1,0,2,1,4571,3549,"1, 0, 0","1, 1, 0","1, 0, 0"
450,6232,1,2,0,2,1,5710,4042,"0, 0, 1","1, 0, 1","0, 0, 1"
124,6233,2,2,1,1,2,3636,14139,"0, 0, 1","0, 0, 1","0, 0, 1"
968,6234,2,1,1,2,1,6889,8792,"1, 1, 0","1, 1, 0","1, 0, 0"
444,6235,1,2,1,1,2,3943,3778,"1, 0, 0","1, 0, 0","1, 0, 0"
449,6236,2,2,0,2,1,8223,7965,"1, 1, 0","1, 1, 0","1, 1, 0"
653,6237,2,2,1,2,1,6660,5356,"1, 0, 1","1, 0, 1","1, 0, 1"
442,6238,2,1,1,1,2,4374,11910,"0, 0, 1","0, 0, 1","0, 0, 1"
448,6239,1,1,0,1,2,4184,3353,"0, 1, 0","0, 1, 0","0, 1, 0"
127,6240,1,1,1,2,1,3865,3730,"0, 0, 1","1, 0, 1","1, 0, 0"
452,6241,1,2,1,2,1,9471,6637,"1, 0, 0","1, 1, 0","0, 1, 1"
459,6242,1,2,0,1,2,4093,1836,"1, 0, 0","1, 0, 0","1, 0, 0"
453,6243,1,1,0,2,1,4911,2824,"0, 0, 1","1, 0, 1","0, 0, 1"
644,6244,2,2,1,1,2,4788,3333,"1, 0, 0","1, 0, 0","1, 0, 0"
446,6245,1,2,1,1,2,4180,3246,"0, 0, 1","0, 0, 1","0, 0, 1"
925,6246,2,2,1,2,1,6076,5101,"0, 1, 1","0, 1, 1","0, 1, 1"
451,6247,1,1,0,1,2,5258,3181,"0, 1, 0","0, 1, 0","0, 1, 0"
662,6248,2,1,0,1,2,3726,13811,"0, 0, 1","0, 0, 1","0, 0, 1"
454,6249,1,1,1,1,2,4138,3049,"0, 0, 1","0, 0, 1","0, 0, 1"
457,6250,2,1,0,2,1,7540,7247,"1, 1, 0","1, 1, 0","0, 0, 1"
458,6251,2,2,0,1,2,4081,3450,"1, 0, 0","1, 0, 0","1, 0, 0"
960,6252,1,2,0,2,1,3927,18323,"0, 0, 1","0, 1, 1","1, 1, 0"
455,6253,2,1,1,2,1,6518,4289,"1, 1, 0","1, 1, 0","1, 0, 0"
996,6254,2,2,0,2,1,7616,9092,"1, 1, 0","1, 1, 0","1, 1, 0"
132,6255,2,1,1,1,2,3759,4610,"0, 0, 1","0, 0, 1","0, 0, 1"
462,6256,1,2,0,2,1,3286,4567,"1, 0, 0","1, 1, 0","1, 0, 0"
463,6257,2,1,0,1,2,6411,6532,"0, 0, 1","0, 0, 1","0, 0, 1"
697,6258,2,2,1,1,2,4817,2675,"0, 1, 0","0, 1, 0","0, 1, 0"
460,6259,1,1,1,2,1,3760,1596,"1, 0, 0","1, 1, 0","1, 0, 0"
461,6260,2,1,1,2,1,7247,2813,"1, 1, 0","1, 1, 0","1, 0, 0"
456,6261,1,1,1,1,2,4521,2675,"1, 0, 0","1, 0, 0","1, 0, 0"
80,6262,1,2,1,1,2,3866,5643,"1, 0, 0","1, 0, 0","1, 0, 0"
82,6263,1,2,1,2,1,3544,9563,"1, 0, 0","1, 1, 0","0, 1, 1"
79,6264,2,2,0,2,1,6135,7629,"1, 0, 1","1, 0, 1","1, 0, 1"
723,6265,2,1,0,2,1,6206,6840,"1, 0, 1","1, 0, 1","1, 0, 0"
78,6266,2,2,1,2,1,6070,5280,"1, 1, 0","1, 1, 0","1, 1, 0"
83,6267,1,2,0,1,2,3397,5958,"0, 1, 0","0, 1, 0","1, 0, 1"
73,6268,2,1,1,1,2,3834,5260,"0, 1, 0","0, 1, 0","0, 1, 0"
757,6269,2,2,0,1,2,3878,2787,"1, 0, 0","1, 0, 0","1, 0, 0"
76,6270,1,1,0,1,2,3564,5345,"0, 0, 1","0, 0, 1","0, 0, 1"
77,6271,1,1,0,2,1,3723,2251,"0, 0, 1","1, 0, 1","0, 0, 1"
81,6272,2,1,0,2,1,7639,1889,"1, 1, 0","1, 1, 0","0, 0, 1"
998,6273,2,2,1,1,2,3737,2875,"0, 1, 0","0, 1, 0","0, 1, 0"
724,6274,2,1,1,1,2,3954,3156,"1, 0, 0","1, 0, 0","1, 0, 0"
144,6275,1,1,1,1,2,4640,3891,"0, 1, 0","0, 1, 0","0, 1, 0"
1013,6276,1,1,0,2,1,4223,4503,"0, 0, 1","0, 1, 1","0, 0, 1"
58,6277,2,2,0,2,1,6128,5480,"1, 1, 0","1, 1, 0","1, 1, 0"
1002,6278,2,1,0,1,2,3971,2656,"1, 0, 0","1, 0, 0","1, 0, 0"
668,6279,1,2,0,1,2,5836,3169,"0, 1, 0","0, 1, 0","0, 1, 0"
197,6280,2,1,1,2,1,5318,4680,"0, 1, 1","0, 1, 1","0, 1, 0"
672,6281,1,1,0,1,2,3439,3727,"0, 1, 0","0, 1, 0","0, 1, 0"
611,6282,1,2,1,2,1,3600,5557,"0, 0, 1","1, 0, 1","1, 1, 0"
1021,6283,1,2,0,2,1,3425,5680,"0, 0, 1","0, 1, 1","0, 0, 1"
45,6284,2,2,1,2,1,5661,12219,"1, 1, 0","1, 1, 0","1, 1, 0"
658,6285,1,1,1,2,1,2926,2524,"1, 0, 0","1, 1, 0","1, 0, 0"
670,6286,2,2,0,1,2,4045,6349,"0, 0, 1","0, 0, 1","1, 1, 0"
667,6287,1,2,1,1,2,4042,5417,"0, 0, 1","0, 0, 1","0, 0, 1"
882,6288,1,2,1,2,1,14258,8413,"0, 1, 0","1, 0, 1","1, 0, 1"
738,6289,1,1,0,2,1,31723,5910,"1, 0, 0","1, 0, 1","1, 0, 0"
31,6290,1,2,1,1,2,15718,5086,"1, 0, 0","1, 0, 0","1, 0, 0"
906,6291,1,1,0,1,2,9773,5234,"0, 1, 0","0, 1, 0","0, 1, 0"
36,6292,1,1,1,1,2,4989,3637,"1, 0, 0","1, 0, 0","1, 0, 0"
887,6293,2,2,0,1,2,82983,11477,"1, 0, 0","1, 0, 0","1, 0, 0"
33,6294,2,1,1,2,1,5984,9347,"0, 1, 1","0, 1, 1","0, 1, 0"
61,6295,2,1,1,1,2,3511,10009,"1, 0, 0","1, 0, 0","1, 0, 0"
64,6296,1,1,1,2,1,19768,3492,"1, 0, 0","0, 1, 1","1, 0, 0"
125,6297,1,2,0,1,2,20844,3255,"0, 0, 1","0, 0, 1","0, 0, 1"
60,6298,2,2,1,1,2,8039,3721,"1, 0, 0","1, 0, 0","1, 0, 0"
913,6299,2,2,1,2,1,5183,11180,"1, 1, 0","1, 1, 0","1, 1, 0"
92,6300,2,1,0,1,2,3654,2869,"0, 0, 1","0, 0, 1","0, 0, 1"
66,6301,2,1,0,2,1,5594,14186,"1, 0, 1","1, 0, 1","0, 1, 0"
62,6302,1,2,0,2,1,20222,6949,"1, 0, 0","1, 0, 1","1, 0, 0"
964,6303,2,2,0,2,1,4490,6041,"1, 0, 1","1, 0, 1","1, 0, 1"
71,6304,1,1,0,2,1,3929,2909,"1, 0, 0","1, 0, 1","1, 0, 0"
75,6305,1,1,0,1,2,2732,4175,"0, 1, 0","0, 1, 0","0, 1, 0"
918,6306,2,2,0,1,2,7488,3128,"0, 1, 0","0, 1, 0","0, 1, 0"
676,6307,2,1,1,1,2,2776,2709,"0, 0, 1","0, 0, 1","0, 0, 1"
705,6308,1,2,0,1,2,2719,6104,"0, 0, 1","0, 0, 1","0, 0, 1"
708,6309,2,2,1,2,1,4841,4887,"1, 1, 0","1, 1, 0","1, 1, 0"
704,6310,2,1,0,2,1,3311,3060,"0, 1, 0","0, 1, 1","0, 1, 0"
632,6311,2,2,0,2,1,3959,8576,"1, 0, 1","1, 0, 1","1, 0, 1"
68,6312,1,2,1,2,1,2589,8493,"0, 0, 1","0, 1, 1","1, 1, 0"
74,6313,1,2,1,1,2,3727,2989,"1, 0, 0","1, 0, 0","1, 0, 0"
72,6314,1,1,1,1,2,2549,5256,"0, 1, 0","0, 1, 0","0, 1, 0"
682,6315,2,1,1,2,1,5056,3431,"0, 1, 1","0, 1, 1","0, 1, 0"
65,6316,1,1,1,2,1,4012,6519,"1, 0, 0","1, 1, 0","1, 0, 0"
69,6317,2,2,1,1,2,3024,3719,"0, 1, 0","0, 1, 0","0, 1, 0"
70,6318,2,1,0,1,2,3747,3599,"0, 0, 1","0, 0, 1","0, 0, 1"
690,6319,1,2,0,2,1,8692,7432,"0, 1, 0","0, 1, 1","1, 0, 1"
939,6320,2,2,1,2,1,5079,10213,"1, 1, 0","1, 1, 0","1, 1, 0"
84,6321,2,1,1,2,1,7542,3162,"1, 1, 0","1, 1, 0","1, 0, 0"
755,6322,1,1,0,2,1,2817,11680,"0, 1, 0","0, 1, 1","0, 1, 0"
709,6323,2,1,0,2,1,5295,3879,"1, 1, 0","1, 1, 0","1, 0, 0"
707,6324,1,1,1,2,1,3205,7810,"1, 0, 0","1, 0, 1","0, 0, 1"
822,6325,1,1,0,1,2,2859,2175,"0, 0, 1","0, 0, 1","0, 0, 0"
710,6326,2,2,0,2,1,3937,6079,"1, 0, 1","1, 0, 1","1, 0, 1"
706,6327,2,2,1,1,2,3859,4747,"1, 0, 0","1, 0, 0","1, 0, 0"
973,6328,2,2,0,1,2,2832,7889,"0, 0, 1","0, 0, 1","0, 0, 1"
711,6329,1,2,1,2,1,2830,4391,"0, 1, 0","0, 1, 1","0, 1, 0"
702,6330,2,1,0,1,2,2632,2720,"1, 0, 0","1, 0, 0","1, 0, 0"
719,6331,2,1,1,1,2,3152,2898,"1, 0, 0","1, 0, 0","1, 0, 0"
827,6332,1,2,1,1,2,5248,3512,"1, 0, 0","1, 0, 0","1, 0, 0"
716,6333,1,2,0,2,1,3367,6726,"1, 0, 0","1, 0, 1","0, 1, 1"
712,6334,1,2,0,1,2,2798,3285,"1, 0, 0","1, 0, 0","0, 0, 1"
714,6335,1,1,1,1,2,5795,1837,"1, 0, 0","1, 0, 0","1, 0, 0"
552,6336,2,2,0,1,2,3645,8245,"1, 0, 0","1, 0, 0","0, 1, 1"
717,6337,2,2,1,2,1,4717,3234,"1, 0, 1","1, 0, 1","1, 0, 1"
382,6338,1,2,1,2,1,2756,4586,"0, 1, 0","0, 1, 1","1, 0, 1"
725,6339,2,1,1,2,1,6886,3354,"1, 1, 0","1, 1, 0","1, 0, 0"
789,6340,2,1,0,1,2,2358,3747,"0, 1, 0","0, 1, 0","0, 1, 0"
997,6341,1,1,0,2,1,2689,5689,"0, 1, 0","0, 1, 1","0, 1, 0"
1007,6342,2,1,1,1,2,3152,5599,"0, 1, 0","0, 1, 0","0, 1, 0"
730,6343,2,1,0,2,1,4579,9552,"1, 0, 1","1, 0, 1","1, 0, 0"
613,6344,1,2,1,1,2,2562,3392,"0, 0, 1","0, 0, 1","0, 0, 1"
721,6345,1,1,1,2,1,3138,5511,"0, 1, 0","1, 1, 0","0, 0, 1"
726,6346,1,2,0,2,1,2439,2848,"0, 1, 0","0, 1, 1","0, 1, 0"
720,6347,1,1,0,1,2,3753,5112,"1, 0, 0","1, 0, 0","1, 0, 0"
784,6348,1,2,0,1,2,2716,2103,"1, 0, 0","1, 0, 0","1, 0, 0"
728,6349,2,2,0,2,1,4275,2891,"0, 1, 1","0, 1, 1","0, 1, 1"
722,6350,1,1,1,1,2,3124,6624,"0, 1, 0","0, 1, 0","0, 1, 0"
482,6351,2,2,1,1,2,2862,3213,"1, 0, 0","1, 0, 0","0, 0, 0"
975,6352,2,1,1,1,2,3536,3753,"1, 0, 0","1, 0, 0","1, 0, 0"
96,6353,2,2,0,2,1,9307,14576,"1, 1, 0","1, 1, 0","1, 1, 0"
477,6354,2,1,1,2,1,4057,10064,"1, 1, 0","1, 1, 0","1, 0, 0"
764,6355,1,2,0,2,1,25003,5644,"0, 1, 0","1, 0, 1","0, 1, 0"
765,6356,2,2,0,1,2,2735,7755,"0, 0, 1","0, 0, 1","1, 1, 0"
745,6357,2,1,0,2,1,5415,7221,"1, 0, 1","1, 0, 1","0, 1, 0"
744,6358,1,1,1,1,2,3663,3511,"1, 0, 0","1, 0, 0","1, 0, 0"
739,6359,2,1,0,1,2,2911,2936,"0, 1, 0","0, 1, 0","0, 1, 0"
773,6360,1,1,0,1,2,2464,4340,"0, 0, 1","0, 0, 1","0, 0, 1"
733,6361,2,2,1,2,1,3996,18635,"0, 1, 1","0, 1, 1","0, 1, 1"
896,6362,1,2,1,1,2,2830,4052,"1, 0, 0","1, 0, 0","1, 0, 0"
120,6363,2,2,1,1,2,2864,2983,"1, 0, 0","1, 0, 0","1, 0, 0"
737,6364,1,1,0,2,1,11656,3909,"1, 0, 0","0, 1, 1","1, 0, 0"
743,6365,1,2,0,1,2,3703,4835,"0, 1, 0","0, 1, 0","0, 1, 0"
736,6366,1,2,1,2,1,4494,2835,"1, 0, 0","0, 1, 1","1, 0, 0"
746,6367,1,1,1,2,1,6624,4874,"0, 0, 1","1, 1, 0","0, 1, 0"
966,6368,2,2,0,2,1,4513,6450,"0, 1, 1","0, 1, 1","0, 1, 1"
751,6369,1,2,0,2,1,2971,4034,"1, 0, 0","1, 1, 0","1, 0, 0"
747,6370,2,1,0,2,1,4759,5181,"0, 1, 1","0, 1, 1","0, 1, 0"
678,6371,2,1,0,1,2,4046,4570,"0, 1, 0","0, 1, 0","0, 1, 0"
933,6372,2,2,1,2,1,5337,3820,"1, 1, 0","1, 1, 0","1, 1, 0"
752,6373,2,2,1,1,2,7396,2815,"1, 0, 0","1, 0, 0","1, 0, 0"
741,6374,1,2,0,1,2,3275,2304,"1, 0, 0","1, 0, 0","1, 0, 0"
616,6375,1,1,1,2,1,9099,2963,"1, 0, 0","1, 0, 1","1, 0, 0"
990,6376,2,1,1,1,2,4156,2548,"0, 1, 0","0, 1, 0","0, 1, 0"
753,6377,2,1,1,2,1,6542,3605,"1, 1, 0","1, 1, 0","1, 0, 0"
902,6378,2,2,0,1,2,5463,3037,"0, 0, 1","0, 0, 1","0, 0, 1"
750,6379,1,1,1,1,2,4101,2875,"1, 0, 0","1, 0, 0","1, 0, 0"
748,6380,1,1,0,1,2,10079,2827,"0, 1, 0","0, 1, 0","0, 1, 0"
100,6381,1,2,1,1,2,7420,3830,"0, 1, 0","0, 1, 0","0, 1, 0"
775,6382,1,1,0,2,1,6094,2617,"0, 1, 0","0, 1, 1","0, 1, 0"
749,6383,1,2,1,2,1,4460,13961,"0, 1, 0","1, 1, 0","1, 0, 1"
962,6384,2,2,1,1,2,4667,5944,"0, 0, 1","0, 0, 1","0, 0, 1"
108,6385,1,1,1,1,2,9603,3454,"0, 0, 1","0, 0, 1","0, 0, 1"
696,6386,2,2,0,2,1,8307,5870,"1, 1, 0","1, 1, 0","1, 1, 0"
101,6387,1,2,0,1,2,5760,11316,"0, 1, 0","0, 1, 0","0, 1, 0"
106,6388,1,1,0,1,2,4431,4728,"0, 0, 1","0, 0, 1","0, 0, 1"
109,6389,1,2,0,2,1,8439,1762,"1, 0, 0","1, 1, 0","0, 0, 0"
684,6390,1,1,1,2,1,13552,6768,"1, 0, 0","0, 1, 1","1, 0, 0"
104,6391,1,2,1,1,2,3081,2596,"1, 0, 0","1, 0, 0","1, 0, 0"
111,6392,2,1,0,2,1,6029,4139,"0, 1, 1","0, 1, 1","1, 0, 0"
754,6393,2,1,1,1,2,6997,4004,"0, 0, 1","0, 0, 1","0, 0, 1"
105,6394,1,1,0,2,1,4635,3615,"1, 0, 0","1, 1, 0","1, 0, 0"
107,6395,2,1,0,1,2,6622,3288,"0, 0, 1","0, 0, 1","0, 0, 1"
989,6396,2,1,1,2,1,7176,4609,"1, 1, 0","1, 1, 0","1, 0, 0"
831,6397,1,2,1,2,1,9008,6735,"0, 1, 0","1, 0, 1","1, 0, 1"
102,6398,2,2,1,2,1,8587,5680,"0, 1, 1","0, 1, 1","0, 1, 1"
103,6399,2,2,0,1,2,3432,2155,"0, 1, 0","0, 1, 0","0, 1, 0"
862,6400,1,1,0,1,2,4780,3974,"1, 0, 0","1, 0, 0","1, 0, 0"
905,6401,2,1,1,1,2,6448,3640,"1, 0, 0","1, 0, 0","1, 0, 0"
1005,6402,2,2,1,2,1,6608,5158,"1, 1, 0","1, 1, 0","1, 1, 0"
115,6403,2,2,0,2,1,4805,4703,"1, 0, 1","1, 0, 1","1, 0, 1"
116,6404,1,2,1,1,2,3831,4539,"0, 0, 1","0, 0, 1","0, 0, 1"
1018,6405,2,1,1,2,1,14403,5512,"0, 1, 1","0, 1, 1","0, 1, 0"
523,6406,2,2,1,1,2,3230,1672,"1, 0, 0","1, 0, 0","1, 0, 0"
785,6407,1,2,0,2,1,4402,5576,"1, 0, 0","1, 0, 1","1, 0, 0"
783,6408,1,1,0,2,1,2990,3104,"0, 0, 1","0, 1, 1","0, 0, 1"
1011,6409,2,2,0,1,2,7146,3812,"1, 0, 0","1, 0, 0","1, 0, 0"
786,6410,1,2,0,1,2,7886,4267,"0, 1, 0","0, 1, 0","1, 0, 1"
778,6411,2,1,0,2,1,5752,4333,"1, 0, 1","1, 0, 1","0, 1, 0"
788,6412,1,2,1,2,1,7241,7012,"0, 0, 1","1, 1, 0","1, 1, 0"
781,6413,1,1,1,1,2,3792,3746,"0, 1, 0","0, 1, 0","0, 1, 0"
782,6414,1,1,1,2,1,3176,2174,"0, 0, 1","1, 1, 0","0, 0, 1"
787,6415,2,1,0,1,2,13371,2412,"0, 0, 1","0, 0, 1","0, 0, 1"
